{
  "main": {
    "ar-IL": {
      "identity": {
        "version": {
          "_number": "$Revision: 13133 $",
          "_cldrVersion": "31.0.1"
        },
        "language": "ar",
        "territory": "IL"
      },
      "dates": {
        "calendars": {
          "dangi": {
            "months": {
              "format": {
                "abbreviated": {
                  "1": "M01",
                  "2": "M02",
                  "3": "M03",
                  "4": "M04",
                  "5": "M05",
                  "6": "M06",
                  "7": "M07",
                  "8": "M08",
                  "9": "M09",
                  "10": "M10",
                  "11": "M11",
                  "12": "M12"
                },
                "narrow": {
                  "1": "1",
                  "2": "2",
                  "3": "3",
                  "4": "4",
                  "5": "5",
                  "6": "6",
                  "7": "7",
                  "8": "8",
                  "9": "9",
                  "10": "10",
                  "11": "11",
                  "12": "12"
                },
                "wide": {
                  "1": "M01",
                  "2": "M02",
                  "3": "M03",
                  "4": "M04",
                  "5": "M05",
                  "6": "M06",
                  "7": "M07",
                  "8": "M08",
                  "9": "M09",
                  "10": "M10",
                  "11": "M11",
                  "12": "M12"
                }
              },
              "stand-alone": {
                "abbreviated": {
                  "1": "M01",
                  "2": "M02",
                  "3": "M03",
                  "4": "M04",
                  "5": "M05",
                  "6": "M06",
                  "7": "M07",
                  "8": "M08",
                  "9": "M09",
                  "10": "M10",
                  "11": "M11",
                  "12": "M12"
                },
                "narrow": {
                  "1": "1",
                  "2": "2",
                  "3": "3",
                  "4": "4",
                  "5": "5",
                  "6": "6",
                  "7": "7",
                  "8": "8",
                  "9": "9",
                  "10": "10",
                  "11": "11",
                  "12": "12"
                },
                "wide": {
                  "1": "M01",
                  "2": "M02",
                  "3": "M03",
                  "4": "M04",
                  "5": "M05",
                  "6": "M06",
                  "7": "M07",
                  "8": "M08",
                  "9": "M09",
                  "10": "M10",
                  "11": "M11",
                  "12": "M12"
                }
              }
            },
            "monthPatterns": {
              "format": {
                "abbreviated": {
                  "leap": "{0}bis"
                },
                "narrow": {
                  "leap": "{0}b"
                },
                "wide": {
                  "leap": "{0}bis"
                }
              },
              "numeric": {
                "all": {
                  "leap": "{0}bis"
                }
              },
              "stand-alone": {
                "abbreviated": {
                  "leap": "{0}bis"
                },
                "narrow": {
                  "leap": "{0}b"
                },
                "wide": {
                  "leap": "{0}bis"
                }
              }
            },
            "days": {
              "format": {
                "abbreviated": {
                  "sun": "الأحد",
                  "mon": "الاثنين",
                  "tue": "الثلاثاء",
                  "wed": "الأربعاء",
                  "thu": "الخميس",
                  "fri": "الجمعة",
                  "sat": "السبت"
                },
                "narrow": {
                  "sun": "ح",
                  "mon": "ن",
                  "tue": "ث",
                  "wed": "ر",
                  "thu": "خ",
                  "fri": "ج",
                  "sat": "س"
                },
                "short": {
                  "sun": "الأحد",
                  "mon": "الاثنين",
                  "tue": "الثلاثاء",
                  "wed": "الأربعاء",
                  "thu": "الخميس",
                  "fri": "الجمعة",
                  "sat": "السبت"
                },
                "wide": {
                  "sun": "الأحد",
                  "mon": "الاثنين",
                  "tue": "الثلاثاء",
                  "wed": "الأربعاء",
                  "thu": "الخميس",
                  "fri": "الجمعة",
                  "sat": "السبت"
                }
              },
              "stand-alone": {
                "abbreviated": {
                  "sun": "الأحد",
                  "mon": "الاثنين",
                  "tue": "الثلاثاء",
                  "wed": "الأربعاء",
                  "thu": "الخميس",
                  "fri": "الجمعة",
                  "sat": "السبت"
                },
                "narrow": {
                  "sun": "ح",
                  "mon": "ن",
                  "tue": "ث",
                  "wed": "ر",
                  "thu": "خ",
                  "fri": "ج",
                  "sat": "س"
                },
                "short": {
                  "sun": "الأحد",
                  "mon": "الاثنين",
                  "tue": "الثلاثاء",
                  "wed": "الأربعاء",
                  "thu": "الخميس",
                  "fri": "الجمعة",
                  "sat": "السبت"
                },
                "wide": {
                  "sun": "الأحد",
                  "mon": "الاثنين",
                  "tue": "الثلاثاء",
                  "wed": "الأربعاء",
                  "thu": "الخميس",
                  "fri": "الجمعة",
                  "sat": "السبت"
                }
              }
            },
            "quarters": {
              "format": {
                "abbreviated": {
                  "1": "الربع الأول",
                  "2": "الربع الثاني",
                  "3": "الربع الثالث",
                  "4": "الربع الرابع"
                },
                "narrow": {
                  "1": "١",
                  "2": "٢",
                  "3": "٣",
                  "4": "٤"
                },
                "wide": {
                  "1": "الربع الأول",
                  "2": "الربع الثاني",
                  "3": "الربع الثالث",
                  "4": "الربع الرابع"
                }
              },
              "stand-alone": {
                "abbreviated": {
                  "1": "الربع الأول",
                  "2": "الربع الثاني",
                  "3": "الربع الثالث",
                  "4": "الربع الرابع"
                },
                "narrow": {
                  "1": "١",
                  "2": "٢",
                  "3": "٣",
                  "4": "٤"
                },
                "wide": {
                  "1": "الربع الأول",
                  "2": "الربع الثاني",
                  "3": "الربع الثالث",
                  "4": "الربع الرابع"
                }
              }
            },
            "dayPeriods": {
              "format": {
                "abbreviated": {
                  "am": "ص",
                  "pm": "م",
                  "morning1": "فجرا",
                  "morning2": "ص",
                  "afternoon1": "ظهرًا",
                  "afternoon2": "بعد الظهر",
                  "evening1": "مساءً",
                  "night1": "منتصف الليل",
                  "night2": "ل"
                },
                "narrow": {
                  "am": "ص",
                  "pm": "م",
                  "morning1": "فجرًا",
                  "morning2": "صباحًا",
                  "afternoon1": "ظهرًا",
                  "afternoon2": "بعد الظهر",
                  "evening1": "مساءً",
                  "night1": "منتصف الليل",
                  "night2": "ليلاً"
                },
                "wide": {
                  "am": "ص",
                  "pm": "م",
                  "morning1": "فجرًا",
                  "morning2": "صباحًا",
                  "afternoon1": "ظهرًا",
                  "afternoon2": "بعد الظهر",
                  "evening1": "مساءً",
                  "night1": "منتصف الليل",
                  "night2": "ليلاً"
                }
              },
              "stand-alone": {
                "abbreviated": {
                  "am": "ص",
                  "pm": "م",
                  "morning1": "فجرا",
                  "morning2": "ص",
                  "afternoon1": "ظهرًا",
                  "afternoon2": "بعد الظهر",
                  "evening1": "مساءً",
                  "night1": "منتصف الليل",
                  "night2": "ليلاً"
                },
                "narrow": {
                  "am": "ص",
                  "pm": "م",
                  "morning1": "فجرا",
                  "morning2": "صباحًا",
                  "afternoon1": "ظهرًا",
                  "afternoon2": "بعد الظهر",
                  "evening1": "مساءً",
                  "night1": "منتصف الليل",
                  "night2": "ليلاً"
                },
                "wide": {
                  "am": "صباحًا",
                  "pm": "مساءً",
                  "morning1": "فجرًا",
                  "morning2": "صباحًا",
                  "afternoon1": "ظهرًا",
                  "afternoon2": "بعد الظهر",
                  "evening1": "مساءً",
                  "night1": "منتصف الليل",
                  "night2": "ليلاً"
                }
              }
            },
            "cyclicNameSets": {
              "dayParts": {
                "format": {
                  "abbreviated": {
                    "1": "zi",
                    "2": "chou",
                    "3": "yin",
                    "4": "mao",
                    "5": "chen",
                    "6": "si",
                    "7": "wu",
                    "8": "wei",
                    "9": "shen",
                    "10": "you",
                    "11": "xu",
                    "12": "hai"
                  },
                  "narrow": {
                    "1": "zi",
                    "2": "chou",
                    "3": "yin",
                    "4": "mao",
                    "5": "chen",
                    "6": "si",
                    "7": "wu",
                    "8": "wei",
                    "9": "shen",
                    "10": "you",
                    "11": "xu",
                    "12": "hai"
                  },
                  "wide": {
                    "1": "zi",
                    "2": "chou",
                    "3": "yin",
                    "4": "mao",
                    "5": "chen",
                    "6": "si",
                    "7": "wu",
                    "8": "wei",
                    "9": "shen",
                    "10": "you",
                    "11": "xu",
                    "12": "hai"
                  }
                }
              },
              "days": {
                "format": {
                  "abbreviated": {
                    "1": "jia-zi",
                    "2": "yi-chou",
                    "3": "bing-yin",
                    "4": "ding-mao",
                    "5": "wu-chen",
                    "6": "ji-si",
                    "7": "geng-wu",
                    "8": "xin-wei",
                    "9": "ren-shen",
                    "10": "gui-you",
                    "11": "jia-xu",
                    "12": "yi-hai",
                    "13": "bing-zi",
                    "14": "ding-chou",
                    "15": "wu-yin",
                    "16": "ji-mao",
                    "17": "geng-chen",
                    "18": "xin-si",
                    "19": "ren-wu",
                    "20": "gui-wei",
                    "21": "jia-shen",
                    "22": "yi-you",
                    "23": "bing-xu",
                    "24": "ding-hai",
                    "25": "wu-zi",
                    "26": "ji-chou",
                    "27": "geng-yin",
                    "28": "xin-mao",
                    "29": "ren-chen",
                    "30": "gui-si",
                    "31": "jia-wu",
                    "32": "yi-wei",
                    "33": "bing-shen",
                    "34": "ding-you",
                    "35": "wu-xu",
                    "36": "ji-hai",
                    "37": "geng-zi",
                    "38": "xin-chou",
                    "39": "ren-yin",
                    "40": "gui-mao",
                    "41": "jia-chen",
                    "42": "yi-si",
                    "43": "bing-wu",
                    "44": "ding-wei",
                    "45": "wu-shen",
                    "46": "ji-you",
                    "47": "geng-xu",
                    "48": "xin-hai",
                    "49": "ren-zi",
                    "50": "gui-chou",
                    "51": "jia-yin",
                    "52": "yi-mao",
                    "53": "bing-chen",
                    "54": "ding-si",
                    "55": "wu-wu",
                    "56": "ji-wei",
                    "57": "geng-shen",
                    "58": "xin-you",
                    "59": "ren-xu",
                    "60": "gui-hai"
                  },
                  "narrow": {
                    "1": "jia-zi",
                    "2": "yi-chou",
                    "3": "bing-yin",
                    "4": "ding-mao",
                    "5": "wu-chen",
                    "6": "ji-si",
                    "7": "geng-wu",
                    "8": "xin-wei",
                    "9": "ren-shen",
                    "10": "gui-you",
                    "11": "jia-xu",
                    "12": "yi-hai",
                    "13": "bing-zi",
                    "14": "ding-chou",
                    "15": "wu-yin",
                    "16": "ji-mao",
                    "17": "geng-chen",
                    "18": "xin-si",
                    "19": "ren-wu",
                    "20": "gui-wei",
                    "21": "jia-shen",
                    "22": "yi-you",
                    "23": "bing-xu",
                    "24": "ding-hai",
                    "25": "wu-zi",
                    "26": "ji-chou",
                    "27": "geng-yin",
                    "28": "xin-mao",
                    "29": "ren-chen",
                    "30": "gui-si",
                    "31": "jia-wu",
                    "32": "yi-wei",
                    "33": "bing-shen",
                    "34": "ding-you",
                    "35": "wu-xu",
                    "36": "ji-hai",
                    "37": "geng-zi",
                    "38": "xin-chou",
                    "39": "ren-yin",
                    "40": "gui-mao",
                    "41": "jia-chen",
                    "42": "yi-si",
                    "43": "bing-wu",
                    "44": "ding-wei",
                    "45": "wu-shen",
                    "46": "ji-you",
                    "47": "geng-xu",
                    "48": "xin-hai",
                    "49": "ren-zi",
                    "50": "gui-chou",
                    "51": "jia-yin",
                    "52": "yi-mao",
                    "53": "bing-chen",
                    "54": "ding-si",
                    "55": "wu-wu",
                    "56": "ji-wei",
                    "57": "geng-shen",
                    "58": "xin-you",
                    "59": "ren-xu",
                    "60": "gui-hai"
                  },
                  "wide": {
                    "1": "jia-zi",
                    "2": "yi-chou",
                    "3": "bing-yin",
                    "4": "ding-mao",
                    "5": "wu-chen",
                    "6": "ji-si",
                    "7": "geng-wu",
                    "8": "xin-wei",
                    "9": "ren-shen",
                    "10": "gui-you",
                    "11": "jia-xu",
                    "12": "yi-hai",
                    "13": "bing-zi",
                    "14": "ding-chou",
                    "15": "wu-yin",
                    "16": "ji-mao",
                    "17": "geng-chen",
                    "18": "xin-si",
                    "19": "ren-wu",
                    "20": "gui-wei",
                    "21": "jia-shen",
                    "22": "yi-you",
                    "23": "bing-xu",
                    "24": "ding-hai",
                    "25": "wu-zi",
                    "26": "ji-chou",
                    "27": "geng-yin",
                    "28": "xin-mao",
                    "29": "ren-chen",
                    "30": "gui-si",
                    "31": "jia-wu",
                    "32": "yi-wei",
                    "33": "bing-shen",
                    "34": "ding-you",
                    "35": "wu-xu",
                    "36": "ji-hai",
                    "37": "geng-zi",
                    "38": "xin-chou",
                    "39": "ren-yin",
                    "40": "gui-mao",
                    "41": "jia-chen",
                    "42": "yi-si",
                    "43": "bing-wu",
                    "44": "ding-wei",
                    "45": "wu-shen",
                    "46": "ji-you",
                    "47": "geng-xu",
                    "48": "xin-hai",
                    "49": "ren-zi",
                    "50": "gui-chou",
                    "51": "jia-yin",
                    "52": "yi-mao",
                    "53": "bing-chen",
                    "54": "ding-si",
                    "55": "wu-wu",
                    "56": "ji-wei",
                    "57": "geng-shen",
                    "58": "xin-you",
                    "59": "ren-xu",
                    "60": "gui-hai"
                  }
                }
              },
              "months": {
                "format": {
                  "abbreviated": {
                    "1": "jia-zi",
                    "2": "yi-chou",
                    "3": "bing-yin",
                    "4": "ding-mao",
                    "5": "wu-chen",
                    "6": "ji-si",
                    "7": "geng-wu",
                    "8": "xin-wei",
                    "9": "ren-shen",
                    "10": "gui-you",
                    "11": "jia-xu",
                    "12": "yi-hai",
                    "13": "bing-zi",
                    "14": "ding-chou",
                    "15": "wu-yin",
                    "16": "ji-mao",
                    "17": "geng-chen",
                    "18": "xin-si",
                    "19": "ren-wu",
                    "20": "gui-wei",
                    "21": "jia-shen",
                    "22": "yi-you",
                    "23": "bing-xu",
                    "24": "ding-hai",
                    "25": "wu-zi",
                    "26": "ji-chou",
                    "27": "geng-yin",
                    "28": "xin-mao",
                    "29": "ren-chen",
                    "30": "gui-si",
                    "31": "jia-wu",
                    "32": "yi-wei",
                    "33": "bing-shen",
                    "34": "ding-you",
                    "35": "wu-xu",
                    "36": "ji-hai",
                    "37": "geng-zi",
                    "38": "xin-chou",
                    "39": "ren-yin",
                    "40": "gui-mao",
                    "41": "jia-chen",
                    "42": "yi-si",
                    "43": "bing-wu",
                    "44": "ding-wei",
                    "45": "wu-shen",
                    "46": "ji-you",
                    "47": "geng-xu",
                    "48": "xin-hai",
                    "49": "ren-zi",
                    "50": "gui-chou",
                    "51": "jia-yin",
                    "52": "yi-mao",
                    "53": "bing-chen",
                    "54": "ding-si",
                    "55": "wu-wu",
                    "56": "ji-wei",
                    "57": "geng-shen",
                    "58": "xin-you",
                    "59": "ren-xu",
                    "60": "gui-hai"
                  },
                  "narrow": {
                    "1": "jia-zi",
                    "2": "yi-chou",
                    "3": "bing-yin",
                    "4": "ding-mao",
                    "5": "wu-chen",
                    "6": "ji-si",
                    "7": "geng-wu",
                    "8": "xin-wei",
                    "9": "ren-shen",
                    "10": "gui-you",
                    "11": "jia-xu",
                    "12": "yi-hai",
                    "13": "bing-zi",
                    "14": "ding-chou",
                    "15": "wu-yin",
                    "16": "ji-mao",
                    "17": "geng-chen",
                    "18": "xin-si",
                    "19": "ren-wu",
                    "20": "gui-wei",
                    "21": "jia-shen",
                    "22": "yi-you",
                    "23": "bing-xu",
                    "24": "ding-hai",
                    "25": "wu-zi",
                    "26": "ji-chou",
                    "27": "geng-yin",
                    "28": "xin-mao",
                    "29": "ren-chen",
                    "30": "gui-si",
                    "31": "jia-wu",
                    "32": "yi-wei",
                    "33": "bing-shen",
                    "34": "ding-you",
                    "35": "wu-xu",
                    "36": "ji-hai",
                    "37": "geng-zi",
                    "38": "xin-chou",
                    "39": "ren-yin",
                    "40": "gui-mao",
                    "41": "jia-chen",
                    "42": "yi-si",
                    "43": "bing-wu",
                    "44": "ding-wei",
                    "45": "wu-shen",
                    "46": "ji-you",
                    "47": "geng-xu",
                    "48": "xin-hai",
                    "49": "ren-zi",
                    "50": "gui-chou",
                    "51": "jia-yin",
                    "52": "yi-mao",
                    "53": "bing-chen",
                    "54": "ding-si",
                    "55": "wu-wu",
                    "56": "ji-wei",
                    "57": "geng-shen",
                    "58": "xin-you",
                    "59": "ren-xu",
                    "60": "gui-hai"
                  },
                  "wide": {
                    "1": "jia-zi",
                    "2": "yi-chou",
                    "3": "bing-yin",
                    "4": "ding-mao",
                    "5": "wu-chen",
                    "6": "ji-si",
                    "7": "geng-wu",
                    "8": "xin-wei",
                    "9": "ren-shen",
                    "10": "gui-you",
                    "11": "jia-xu",
                    "12": "yi-hai",
                    "13": "bing-zi",
                    "14": "ding-chou",
                    "15": "wu-yin",
                    "16": "ji-mao",
                    "17": "geng-chen",
                    "18": "xin-si",
                    "19": "ren-wu",
                    "20": "gui-wei",
                    "21": "jia-shen",
                    "22": "yi-you",
                    "23": "bing-xu",
                    "24": "ding-hai",
                    "25": "wu-zi",
                    "26": "ji-chou",
                    "27": "geng-yin",
                    "28": "xin-mao",
                    "29": "ren-chen",
                    "30": "gui-si",
                    "31": "jia-wu",
                    "32": "yi-wei",
                    "33": "bing-shen",
                    "34": "ding-you",
                    "35": "wu-xu",
                    "36": "ji-hai",
                    "37": "geng-zi",
                    "38": "xin-chou",
                    "39": "ren-yin",
                    "40": "gui-mao",
                    "41": "jia-chen",
                    "42": "yi-si",
                    "43": "bing-wu",
                    "44": "ding-wei",
                    "45": "wu-shen",
                    "46": "ji-you",
                    "47": "geng-xu",
                    "48": "xin-hai",
                    "49": "ren-zi",
                    "50": "gui-chou",
                    "51": "jia-yin",
                    "52": "yi-mao",
                    "53": "bing-chen",
                    "54": "ding-si",
                    "55": "wu-wu",
                    "56": "ji-wei",
                    "57": "geng-shen",
                    "58": "xin-you",
                    "59": "ren-xu",
                    "60": "gui-hai"
                  }
                }
              },
              "solarTerms": {
                "format": {
                  "abbreviated": {
                    "1": "spring begins",
                    "2": "rain water",
                    "3": "insects awaken",
                    "4": "spring equinox",
                    "5": "bright and clear",
                    "6": "grain rain",
                    "7": "summer begins",
                    "8": "grain full",
                    "9": "grain in ear",
                    "10": "summer solstice",
                    "11": "minor heat",
                    "12": "major heat",
                    "13": "autumn begins",
                    "14": "end of heat",
                    "15": "white dew",
                    "16": "autumn equinox",
                    "17": "cold dew",
                    "18": "frost descends",
                    "19": "winter begins",
                    "20": "minor snow",
                    "21": "major snow",
                    "22": "winter solstice",
                    "23": "minor cold",
                    "24": "major cold"
                  },
                  "narrow": {
                    "1": "spring begins",
                    "2": "rain water",
                    "3": "insects awaken",
                    "4": "spring equinox",
                    "5": "bright and clear",
                    "6": "grain rain",
                    "7": "summer begins",
                    "8": "grain full",
                    "9": "grain in ear",
                    "10": "summer solstice",
                    "11": "minor heat",
                    "12": "major heat",
                    "13": "autumn begins",
                    "14": "end of heat",
                    "15": "white dew",
                    "16": "autumn equinox",
                    "17": "cold dew",
                    "18": "frost descends",
                    "19": "winter begins",
                    "20": "minor snow",
                    "21": "major snow",
                    "22": "winter solstice",
                    "23": "minor cold",
                    "24": "major cold"
                  },
                  "wide": {
                    "1": "spring begins",
                    "2": "rain water",
                    "3": "insects awaken",
                    "4": "spring equinox",
                    "5": "bright and clear",
                    "6": "grain rain",
                    "7": "summer begins",
                    "8": "grain full",
                    "9": "grain in ear",
                    "10": "summer solstice",
                    "11": "minor heat",
                    "12": "major heat",
                    "13": "autumn begins",
                    "14": "end of heat",
                    "15": "white dew",
                    "16": "autumn equinox",
                    "17": "cold dew",
                    "18": "frost descends",
                    "19": "winter begins",
                    "20": "minor snow",
                    "21": "major snow",
                    "22": "winter solstice",
                    "23": "minor cold",
                    "24": "major cold"
                  }
                }
              },
              "years": {
                "format": {
                  "abbreviated": {
                    "1": "jia-zi",
                    "2": "yi-chou",
                    "3": "bing-yin",
                    "4": "ding-mao",
                    "5": "wu-chen",
                    "6": "ji-si",
                    "7": "geng-wu",
                    "8": "xin-wei",
                    "9": "ren-shen",
                    "10": "gui-you",
                    "11": "jia-xu",
                    "12": "yi-hai",
                    "13": "bing-zi",
                    "14": "ding-chou",
                    "15": "wu-yin",
                    "16": "ji-mao",
                    "17": "geng-chen",
                    "18": "xin-si",
                    "19": "ren-wu",
                    "20": "gui-wei",
                    "21": "jia-shen",
                    "22": "yi-you",
                    "23": "bing-xu",
                    "24": "ding-hai",
                    "25": "wu-zi",
                    "26": "ji-chou",
                    "27": "geng-yin",
                    "28": "xin-mao",
                    "29": "ren-chen",
                    "30": "gui-si",
                    "31": "jia-wu",
                    "32": "yi-wei",
                    "33": "bing-shen",
                    "34": "ding-you",
                    "35": "wu-xu",
                    "36": "ji-hai",
                    "37": "geng-zi",
                    "38": "xin-chou",
                    "39": "ren-yin",
                    "40": "gui-mao",
                    "41": "jia-chen",
                    "42": "yi-si",
                    "43": "bing-wu",
                    "44": "ding-wei",
                    "45": "wu-shen",
                    "46": "ji-you",
                    "47": "geng-xu",
                    "48": "xin-hai",
                    "49": "ren-zi",
                    "50": "gui-chou",
                    "51": "jia-yin",
                    "52": "yi-mao",
                    "53": "bing-chen",
                    "54": "ding-si",
                    "55": "wu-wu",
                    "56": "ji-wei",
                    "57": "geng-shen",
                    "58": "xin-you",
                    "59": "ren-xu",
                    "60": "gui-hai"
                  },
                  "narrow": {
                    "1": "jia-zi",
                    "2": "yi-chou",
                    "3": "bing-yin",
                    "4": "ding-mao",
                    "5": "wu-chen",
                    "6": "ji-si",
                    "7": "geng-wu",
                    "8": "xin-wei",
                    "9": "ren-shen",
                    "10": "gui-you",
                    "11": "jia-xu",
                    "12": "yi-hai",
                    "13": "bing-zi",
                    "14": "ding-chou",
                    "15": "wu-yin",
                    "16": "ji-mao",
                    "17": "geng-chen",
                    "18": "xin-si",
                    "19": "ren-wu",
                    "20": "gui-wei",
                    "21": "jia-shen",
                    "22": "yi-you",
                    "23": "bing-xu",
                    "24": "ding-hai",
                    "25": "wu-zi",
                    "26": "ji-chou",
                    "27": "geng-yin",
                    "28": "xin-mao",
                    "29": "ren-chen",
                    "30": "gui-si",
                    "31": "jia-wu",
                    "32": "yi-wei",
                    "33": "bing-shen",
                    "34": "ding-you",
                    "35": "wu-xu",
                    "36": "ji-hai",
                    "37": "geng-zi",
                    "38": "xin-chou",
                    "39": "ren-yin",
                    "40": "gui-mao",
                    "41": "jia-chen",
                    "42": "yi-si",
                    "43": "bing-wu",
                    "44": "ding-wei",
                    "45": "wu-shen",
                    "46": "ji-you",
                    "47": "geng-xu",
                    "48": "xin-hai",
                    "49": "ren-zi",
                    "50": "gui-chou",
                    "51": "jia-yin",
                    "52": "yi-mao",
                    "53": "bing-chen",
                    "54": "ding-si",
                    "55": "wu-wu",
                    "56": "ji-wei",
                    "57": "geng-shen",
                    "58": "xin-you",
                    "59": "ren-xu",
                    "60": "gui-hai"
                  },
                  "wide": {
                    "1": "jia-zi",
                    "2": "yi-chou",
                    "3": "bing-yin",
                    "4": "ding-mao",
                    "5": "wu-chen",
                    "6": "ji-si",
                    "7": "geng-wu",
                    "8": "xin-wei",
                    "9": "ren-shen",
                    "10": "gui-you",
                    "11": "jia-xu",
                    "12": "yi-hai",
                    "13": "bing-zi",
                    "14": "ding-chou",
                    "15": "wu-yin",
                    "16": "ji-mao",
                    "17": "geng-chen",
                    "18": "xin-si",
                    "19": "ren-wu",
                    "20": "gui-wei",
                    "21": "jia-shen",
                    "22": "yi-you",
                    "23": "bing-xu",
                    "24": "ding-hai",
                    "25": "wu-zi",
                    "26": "ji-chou",
                    "27": "geng-yin",
                    "28": "xin-mao",
                    "29": "ren-chen",
                    "30": "gui-si",
                    "31": "jia-wu",
                    "32": "yi-wei",
                    "33": "bing-shen",
                    "34": "ding-you",
                    "35": "wu-xu",
                    "36": "ji-hai",
                    "37": "geng-zi",
                    "38": "xin-chou",
                    "39": "ren-yin",
                    "40": "gui-mao",
                    "41": "jia-chen",
                    "42": "yi-si",
                    "43": "bing-wu",
                    "44": "ding-wei",
                    "45": "wu-shen",
                    "46": "ji-you",
                    "47": "geng-xu",
                    "48": "xin-hai",
                    "49": "ren-zi",
                    "50": "gui-chou",
                    "51": "jia-yin",
                    "52": "yi-mao",
                    "53": "bing-chen",
                    "54": "ding-si",
                    "55": "wu-wu",
                    "56": "ji-wei",
                    "57": "geng-shen",
                    "58": "xin-you",
                    "59": "ren-xu",
                    "60": "gui-hai"
                  }
                }
              },
              "zodiacs": {
                "format": {
                  "abbreviated": {
                    "1": "zi",
                    "2": "chou",
                    "3": "yin",
                    "4": "mao",
                    "5": "chen",
                    "6": "si",
                    "7": "wu",
                    "8": "wei",
                    "9": "shen",
                    "10": "you",
                    "11": "xu",
                    "12": "hai"
                  },
                  "narrow": {
                    "1": "zi",
                    "2": "chou",
                    "3": "yin",
                    "4": "mao",
                    "5": "chen",
                    "6": "si",
                    "7": "wu",
                    "8": "wei",
                    "9": "shen",
                    "10": "you",
                    "11": "xu",
                    "12": "hai"
                  },
                  "wide": {
                    "1": "zi",
                    "2": "chou",
                    "3": "yin",
                    "4": "mao",
                    "5": "chen",
                    "6": "si",
                    "7": "wu",
                    "8": "wei",
                    "9": "shen",
                    "10": "you",
                    "11": "xu",
                    "12": "hai"
                  }
                }
              }
            },
            "dateFormats": {
              "full": "r(U) MMMM d, EEEE",
              "long": "r(U) MMMM d",
              "medium": "r MMM d",
              "short": "r-MM-dd"
            },
            "timeFormats": {
              "full": "H:mm:ss zzzz",
              "long": "H:mm:ss z",
              "medium": "H:mm:ss",
              "short": "H:mm"
            },
            "dateTimeFormats": {
              "full": "{1} {0}",
              "long": "{1} {0}",
              "medium": "{1} {0}",
              "short": "{1} {0}",
              "availableFormats": {
                "d": "d",
                "E": "ccc",
                "Ed": "d, E",
                "Gy": "r U",
                "GyMMM": "r(U) MMM",
                "GyMMMd": "r MMM d",
                "GyMMMEd": "r(U) MMM d, E",
                "h": "h a",
                "H": "HH",
                "hm": "h:mm a",
                "Hm": "HH:mm",
                "hms": "h:mm:ss a",
                "Hms": "HH:mm:ss",
                "M": "L",
                "Md": "MM-dd",
                "MEd": "MM-dd, E",
                "MMM": "LLL",
                "MMMd": "MMM d",
                "MMMEd": "MMM d, E",
                "MMMMd": "MMMM d",
                "ms": "mm:ss",
                "UM": "U MM",
                "UMd": "U MM-d",
                "UMMM": "U MMM",
                "UMMMd": "U MMM d",
                "y": "r(U)",
                "yMd": "r-MM-dd",
                "yyyy": "r(U)",
                "yyyyM": "r-MM",
                "yyyyMd": "r-MM-dd",
                "yyyyMEd": "r-MM-dd, E",
                "yyyyMMM": "r(U) MMM",
                "yyyyMMMd": "r MMM d",
                "yyyyMMMEd": "r(U) MMM d, E",
                "yyyyMMMM": "r(U) MMMM",
                "yyyyQQQ": "r(U) QQQ",
                "yyyyQQQQ": "r(U) QQQQ"
              },
              "appendItems": {
                "Day": "{0} ({2}: {1})",
                "Day-Of-Week": "{0} {1}",
                "Era": "{1} {0}",
                "Hour": "{0} ({2}: {1})",
                "Minute": "{0} ({2}: {1})",
                "Month": "{0} ({2}: {1})",
                "Quarter": "{0} ({2}: {1})",
                "Second": "{0} ({2}: {1})",
                "Timezone": "{0} {1}",
                "Week": "{0} ({2}: {1})",
                "Year": "{1} {0}"
              },
              "intervalFormats": {
                "intervalFormatFallback": "{0} – {1}",
                "d": {
                  "d": "d–d"
                },
                "h": {
                  "a": "h a – h a",
                  "h": "h–h a"
                },
                "H": {
                  "H": "HH–HH"
                },
                "hm": {
                  "a": "h:mm a – h:mm a",
                  "h": "h:mm–h:mm a",
                  "m": "h:mm–h:mm a"
                },
                "Hm": {
                  "H": "HH:mm–HH:mm",
                  "m": "HH:mm–HH:mm"
                },
                "hmv": {
                  "a": "h:mm a – h:mm a v",
                  "h": "h:mm–h:mm a v",
                  "m": "h:mm–h:mm a v"
                },
                "Hmv": {
                  "H": "HH:mm–HH:mm v",
                  "m": "HH:mm–HH:mm v"
                },
                "hv": {
                  "a": "h a – h a v",
                  "h": "h–h a v"
                },
                "Hv": {
                  "H": "HH–HH v"
                },
                "M": {
                  "M": "MM–MM"
                },
                "Md": {
                  "d": "MM-dd – MM-dd",
                  "M": "MM-dd – MM-dd"
                },
                "MEd": {
                  "d": "MM-dd, E – MM-dd, E",
                  "M": "MM-dd, E – MM-dd, E"
                },
                "MMM": {
                  "M": "LLL–LLL"
                },
                "MMMd": {
                  "d": "MMM d–d",
                  "M": "MMM d – MMM d"
                },
                "MMMEd": {
                  "d": "MMM d, E – MMM d, E",
                  "M": "MMM d, E – MMM d, E"
                },
                "y": {
                  "y": "U–U"
                },
                "yM": {
                  "M": "y-MM – y-MM",
                  "y": "y-MM – y-MM"
                },
                "yMd": {
                  "d": "y-MM-dd – y-MM-dd",
                  "M": "y-MM-dd – y-MM-dd",
                  "y": "y-MM-dd – y-MM-dd"
                },
                "yMEd": {
                  "d": "y-MM-dd, E – y-MM-dd, E",
                  "M": "y-MM-dd, E – y-MM-dd, E",
                  "y": "y-MM-dd, E – y-MM-dd, E"
                },
                "yMMM": {
                  "M": "U MMM–MMM",
                  "y": "U MMM – U MMM"
                },
                "yMMMd": {
                  "d": "U MMM d–d",
                  "M": "U MMM d – MMM d",
                  "y": "U MMM d – U MMM d"
                },
                "yMMMEd": {
                  "d": "U MMM d, E – MMM d, E",
                  "M": "U MMM d, E – MMM d, E",
                  "y": "U MMM d, E – U MMM d, E"
                },
                "yMMMM": {
                  "M": "U MMMM–MMMM",
                  "y": "U MMMM – U MMMM"
                }
              }
            }
          }
        }
      }
    }
  }
}
