{
  "main": {
    "ar-JO": {
      "identity": {
        "version": {
          "_number": "$Revision: 13133 $",
          "_cldrVersion": "31.0.1"
        },
        "language": "ar",
        "territory": "JO"
      },
      "characters": {
        "exemplarCharacters": "[\\u064B \\u064C \\u064D \\u064E \\u064F \\u0650 \\u0651 \\u0652 \\u0670 ء أ ؤ إ ئ ا آ ب ة ت ث ج ح خ د ذ ر ز س ش ص ض ط ظ ع غ ف ق ك ل م ن ه و ى ي]",
        "auxiliary": "[\\u0640 \\u200C\\u200D\\u200E\\u200F پ چ ژ ڜ ڢ ڤ ڥ ٯ ڧ ڨ ک گ ی]",
        "index": "[ا ب ت ث ج ح خ د ذ ر ز س ش ص ض ط ظ ع غ ف ق ك ل م ن ه و ي]",
        "punctuation": "[\\\\- ‐ – — ، ؛ \\\\: ! ؟ . ' \\\" ( ) \\\\[ \\\\] « » \\u2026]",
        "ellipsis": {
          "final": "{0}…",
          "initial": "…{0}",
          "medial": "{0}…{1}",
          "word-final": "{0} …",
          "word-initial": "… {0}",
          "word-medial": "{0} … {1}"
        },
        "moreInformation": "؟",
        "lenient-scope-date": {
          "-": "[\\\\-./]",
          ":": "[\\\\:∶]"
        },
        "lenient-scope-general": {
          ".": "[.．․﹒ 。︒｡]",
          "$": "[$﹩＄$]",
          "£": "[£₤]",
          "₹": "[₨₹{Rs}{Rp}]"
        },
        "lenient-scope-number": {
          "-": "[\\\\-－﹣ −⁻₋ ➖‒]",
          ",": "[,，﹐︐ ، ٫ 、﹑︑､]",
          "+": "[+＋﬩﹢⁺₊ ➕]"
        },
        "stricter-scope-number": {
          ",": "[,，﹐︐ ٫]",
          ".": "[.．․﹒ ｡]"
        }
      }
    }
  }
}
