{
  "main": {
    "af": {
      "identity": {
        "version": {
          "_number": "$Revision: 13259 $",
          "_cldrVersion": "31.0.1"
        },
        "language": "af"
      },
      "dates": {
        "calendars": {
          "hebrew": {
            "months": {
              "format": {
                "abbreviated": {
                  "1": "Tishri",
                  "2": "Heshvan",
                  "3": "Kislev",
                  "4": "Tevet",
                  "5": "Shevat",
                  "6": "Adar I",
                  "7": "Adar",
                  "7-yeartype-leap": "Adar II",
                  "8": "Nisan",
                  "9": "Iyar",
                  "10": "Sivan",
                  "11": "Tamuz",
                  "12": "Av",
                  "13": "Elul"
                },
                "narrow": {
                  "1": "1",
                  "2": "2",
                  "3": "3",
                  "4": "4",
                  "5": "5",
                  "6": "6",
                  "7": "7",
                  "7-yeartype-leap": "7",
                  "8": "8",
                  "9": "9",
                  "10": "10",
                  "11": "11",
                  "12": "12",
                  "13": "13"
                },
                "wide": {
                  "1": "Tishri",
                  "2": "Heshvan",
                  "3": "Kislev",
                  "4": "Tevet",
                  "5": "Shevat",
                  "6": "Adar I",
                  "7": "Adar",
                  "7-yeartype-leap": "Adar II",
                  "8": "Nisan",
                  "9": "Iyar",
                  "10": "Sivan",
                  "11": "Tamuz",
                  "12": "Av",
                  "13": "Elul"
                }
              },
              "stand-alone": {
                "abbreviated": {
                  "1": "Tishri",
                  "2": "Heshvan",
                  "3": "Kislev",
                  "4": "Tevet",
                  "5": "Shevat",
                  "6": "Adar I",
                  "7": "Adar",
                  "7-yeartype-leap": "Adar II",
                  "8": "Nisan",
                  "9": "Iyar",
                  "10": "Sivan",
                  "11": "Tamuz",
                  "12": "Av",
                  "13": "Elul"
                },
                "narrow": {
                  "1": "1",
                  "2": "2",
                  "3": "3",
                  "4": "4",
                  "5": "5",
                  "6": "6",
                  "7": "7",
                  "7-yeartype-leap": "7",
                  "8": "8",
                  "9": "9",
                  "10": "10",
                  "11": "11",
                  "12": "12",
                  "13": "13"
                },
                "wide": {
                  "1": "Tishri",
                  "2": "Heshvan",
                  "3": "Kislev",
                  "4": "Tevet",
                  "5": "Shevat",
                  "6": "Adar I",
                  "7": "Adar",
                  "7-yeartype-leap": "Adar II",
                  "8": "Nisan",
                  "9": "Iyar",
                  "10": "Sivan",
                  "11": "Tamuz",
                  "12": "Av",
                  "13": "Elul"
                }
              }
            },
            "days": {
              "format": {
                "abbreviated": {
                  "sun": "So.",
                  "mon": "Ma.",
                  "tue": "Di.",
                  "wed": "Wo.",
                  "thu": "Do.",
                  "fri": "Vr.",
                  "sat": "Sa."
                },
                "narrow": {
                  "sun": "S",
                  "mon": "M",
                  "tue": "D",
                  "wed": "W",
                  "thu": "D",
                  "fri": "V",
                  "sat": "S"
                },
                "short": {
                  "sun": "So.",
                  "mon": "Ma.",
                  "tue": "Di.",
                  "wed": "Wo.",
                  "thu": "Do.",
                  "fri": "Vr.",
                  "sat": "Sa."
                },
                "wide": {
                  "sun": "Sondag",
                  "mon": "Maandag",
                  "tue": "Dinsdag",
                  "wed": "Woensdag",
                  "thu": "Donderdag",
                  "fri": "Vrydag",
                  "sat": "Saterdag"
                }
              },
              "stand-alone": {
                "abbreviated": {
                  "sun": "So.",
                  "mon": "Ma.",
                  "tue": "Di.",
                  "wed": "Wo.",
                  "thu": "Do.",
                  "fri": "Vr.",
                  "sat": "Sa."
                },
                "narrow": {
                  "sun": "S",
                  "mon": "M",
                  "tue": "D",
                  "wed": "W",
                  "thu": "D",
                  "fri": "V",
                  "sat": "S"
                },
                "short": {
                  "sun": "So.",
                  "mon": "Ma.",
                  "tue": "Di.",
                  "wed": "Wo.",
                  "thu": "Do.",
                  "fri": "Vr.",
                  "sat": "Sa."
                },
                "wide": {
                  "sun": "Sondag",
                  "mon": "Maandag",
                  "tue": "Dinsdag",
                  "wed": "Woensdag",
                  "thu": "Donderdag",
                  "fri": "Vrydag",
                  "sat": "Saterdag"
                }
              }
            },
            "quarters": {
              "format": {
                "abbreviated": {
                  "1": "K1",
                  "2": "K2",
                  "3": "K3",
                  "4": "K4"
                },
                "narrow": {
                  "1": "1",
                  "2": "2",
                  "3": "3",
                  "4": "4"
                },
                "wide": {
                  "1": "1ste kwartaal",
                  "2": "2de kwartaal",
                  "3": "3de kwartaal",
                  "4": "4de kwartaal"
                }
              },
              "stand-alone": {
                "abbreviated": {
                  "1": "K1",
                  "2": "K2",
                  "3": "K3",
                  "4": "K4"
                },
                "narrow": {
                  "1": "1",
                  "2": "2",
                  "3": "3",
                  "4": "4"
                },
                "wide": {
                  "1": "1ste kwartaal",
                  "2": "2de kwartaal",
                  "3": "3de kwartaal",
                  "4": "4de kwartaal"
                }
              }
            },
            "dayPeriods": {
              "format": {
                "abbreviated": {
                  "midnight": "middernag",
                  "am": "vm.",
                  "pm": "nm.",
                  "morning1": "die oggend",
                  "afternoon1": "die middag",
                  "evening1": "die aand",
                  "night1": "die nag"
                },
                "narrow": {
                  "midnight": "mn",
                  "am": "v",
                  "pm": "n",
                  "morning1": "o",
                  "afternoon1": "m",
                  "evening1": "a",
                  "night1": "n"
                },
                "wide": {
                  "midnight": "middernag",
                  "am": "vm.",
                  "pm": "nm.",
                  "morning1": "die oggend",
                  "afternoon1": "die middag",
                  "evening1": "die aand",
                  "night1": "die nag"
                }
              },
              "stand-alone": {
                "abbreviated": {
                  "midnight": "middernag",
                  "am": "vm.",
                  "pm": "nm.",
                  "morning1": "oggend",
                  "afternoon1": "middag",
                  "evening1": "aand",
                  "night1": "nag"
                },
                "narrow": {
                  "midnight": "mn",
                  "am": "v",
                  "pm": "n",
                  "morning1": "o",
                  "afternoon1": "m",
                  "evening1": "a",
                  "night1": "n"
                },
                "wide": {
                  "midnight": "middernag",
                  "am": "vm.",
                  "pm": "nm.",
                  "morning1": "oggend",
                  "afternoon1": "middag",
                  "evening1": "aand",
                  "night1": "nag"
                }
              }
            },
            "eras": {
              "eraNames": {
                "0": "AM"
              },
              "eraAbbr": {
                "0": "AM"
              },
              "eraNarrow": {
                "0": "AM"
              }
            },
            "dateFormats": {
              "full": "EEEE dd MMMM y G",
              "long": "dd MMMM y G",
              "medium": "dd MMM y G",
              "short": "GGGGG y-MM-dd"
            },
            "timeFormats": {
              "full": "HH:mm:ss zzzz",
              "long": "HH:mm:ss z",
              "medium": "HH:mm:ss",
              "short": "HH:mm"
            },
            "dateTimeFormats": {
              "full": "{1} {0}",
              "long": "{1} {0}",
              "medium": "{1} {0}",
              "short": "{1} {0}",
              "availableFormats": {
                "d": "d",
                "E": "ccc",
                "Ed": "E d",
                "Ehm": "E h:mm a",
                "EHm": "E HH:mm",
                "Ehms": "E h:mm:ss a",
                "EHms": "E HH:mm:ss",
                "Gy": "y G",
                "GyMMM": "MMM y G",
                "GyMMMd": "d MMM y G",
                "GyMMMEd": "E d MMM y G",
                "h": "h a",
                "H": "HH",
                "hm": "h:mm a",
                "Hm": "HH:mm",
                "hms": "h:mm:ss a",
                "Hms": "HH:mm:ss",
                "M": "L",
                "Md": "d/M",
                "MEd": "E, d/M",
                "MMM": "LLL",
                "MMMd": "d MMM",
                "MMMEd": "E, d MMM",
                "MMMMd": "d MMMM",
                "MMMMEd": "E, d MMMM",
                "ms": "mm:ss",
                "y": "y G",
                "yyyy": "y G",
                "yyyyM": "M/y GGGGG",
                "yyyyMd": "d/M/y GGGGG",
                "yyyyMEd": "E, d/M/y G",
                "yyyyMMM": "MMM y G",
                "yyyyMMMd": "d MMM y G",
                "yyyyMMMEd": "E, d MMM y G",
                "yyyyMMMM": "MMMM y G",
                "yyyyQQQ": "QQQ y G",
                "yyyyQQQQ": "QQQQ y G"
              },
              "appendItems": {
                "Day": "{0} ({2}: {1})",
                "Day-Of-Week": "{0} {1}",
                "Era": "{1} {0}",
                "Hour": "{0} ({2}: {1})",
                "Minute": "{0} ({2}: {1})",
                "Month": "{0} ({2}: {1})",
                "Quarter": "{0} ({2}: {1})",
                "Second": "{0} ({2}: {1})",
                "Timezone": "{0} {1}",
                "Week": "{0} ({2}: {1})",
                "Year": "{1} {0}"
              },
              "intervalFormats": {
                "intervalFormatFallback": "{0} – {1}",
                "d": {
                  "d": "d – d"
                },
                "h": {
                  "a": "h a – h a",
                  "h": "h–h a"
                },
                "H": {
                  "H": "HH–HH"
                },
                "hm": {
                  "a": "h:mm a – h:mm a",
                  "h": "h:mm–h:mm a",
                  "m": "h:mm–h:mm a"
                },
                "Hm": {
                  "H": "HH:mm–HH:mm",
                  "m": "HH:mm–HH:mm"
                },
                "hmv": {
                  "a": "h:mm a – h:mm a v",
                  "h": "h:mm–h:mm a v",
                  "m": "h:mm–h:mm a v"
                },
                "Hmv": {
                  "H": "HH:mm–HH:mm v",
                  "m": "HH:mm–HH:mm v"
                },
                "hv": {
                  "a": "h a – h a v",
                  "h": "h–h a v"
                },
                "Hv": {
                  "H": "HH–HH v"
                },
                "M": {
                  "M": "M – M"
                },
                "Md": {
                  "d": "d/M – d/M",
                  "M": "d/M – d/M"
                },
                "MEd": {
                  "d": "E, d/M – E, d/M",
                  "M": "E, d/M – E, d/M"
                },
                "MMM": {
                  "M": "MMM – MMM"
                },
                "MMMd": {
                  "d": "d – d MMM",
                  "M": "d MMM – d MMM"
                },
                "MMMEd": {
                  "d": "E, d MMM – E, d MMM",
                  "M": "E, d MMM – E, d MMM"
                },
                "y": {
                  "y": "y – y G"
                },
                "yM": {
                  "M": "M/y – M/y GGGGG",
                  "y": "M/y – M/y GGGGG"
                },
                "yMd": {
                  "d": "d/M/y – d/M/y GGGGG",
                  "M": "d/M/y – d/M/y GGGGG",
                  "y": "d/M/y – d/M/y GGGGG"
                },
                "yMEd": {
                  "d": "E, d/M/y – E, d/M/y GGGGG",
                  "M": "E, d/M/y – E, d/M/y GGGGG",
                  "y": "E, d/M/y – E, d/M/y GGGGG"
                },
                "yMMM": {
                  "M": "MMM–MMM y G",
                  "y": "MMM y – MMM y G"
                },
                "yMMMd": {
                  "d": "d–d MMM, y G",
                  "M": "d MMM – d MMM y G",
                  "y": "d MMM, y – d MMM, y G"
                },
                "yMMMEd": {
                  "d": "E, d MMM – E, d MMM, y G",
                  "M": "E, d MMM – E, d MMM, y G",
                  "y": "E, d MMM y – E, d MMM y G"
                },
                "yMMMM": {
                  "M": "MMMM–MMMM y G",
                  "y": "MMMM y – MMMM y G"
                }
              }
            }
          }
        }
      }
    }
  }
}
