{
  "main": {
    "af": {
      "identity": {
        "version": {
          "_number": "$Revision: 13259 $",
          "_cldrVersion": "31.0.1"
        },
        "language": "af"
      },
      "units": {
        "long": {
          "per": {
            "compoundUnitPattern": "{0} per {1}"
          },
          "acceleration-g-force": {
            "displayName": "swaartekrag van die Aarde",
            "unitPattern-count-one": "{0} swaartekrag van die Aarde",
            "unitPattern-count-other": "{0} swaartekrag van die Aarde"
          },
          "acceleration-meter-per-second-squared": {
            "displayName": "m/s²",
            "unitPattern-count-one": "{0} m/s²",
            "unitPattern-count-other": "{0} m/s²"
          },
          "angle-revolution": {
            "displayName": "rewolusie",
            "unitPattern-count-one": "{0} rewolusie",
            "unitPattern-count-other": "{0} rewolusies"
          },
          "angle-radian": {
            "displayName": "radiale",
            "unitPattern-count-one": "{0} radiaal",
            "unitPattern-count-other": "{0} radiale"
          },
          "angle-degree": {
            "displayName": "grade",
            "unitPattern-count-one": "{0} graad",
            "unitPattern-count-other": "{0} grade"
          },
          "angle-arc-minute": {
            "displayName": "boogminute",
            "unitPattern-count-one": "{0} boogminuut",
            "unitPattern-count-other": "{0} boogminute"
          },
          "angle-arc-second": {
            "displayName": "boogsekondes",
            "unitPattern-count-one": "{0} boogsekonde",
            "unitPattern-count-other": "{0} boogsekondes"
          },
          "area-square-kilometer": {
            "displayName": "vierkante kilometer",
            "unitPattern-count-one": "{0} vierkante kilometer",
            "unitPattern-count-other": "{0} vierkante kilometer",
            "perUnitPattern": "{0} per vierkante kilometer"
          },
          "area-hectare": {
            "displayName": "hektaar",
            "unitPattern-count-one": "{0} hektaar",
            "unitPattern-count-other": "{0} hektaar"
          },
          "area-square-meter": {
            "displayName": "vierkante meter",
            "unitPattern-count-one": "{0} vierkante meter",
            "unitPattern-count-other": "{0} vierkante meter",
            "perUnitPattern": "{0} per vierkante meter"
          },
          "area-square-centimeter": {
            "displayName": "vierkante sentimeter",
            "unitPattern-count-one": "{0} vierkante sentimeter",
            "unitPattern-count-other": "{0} vierkante sentimeter",
            "perUnitPattern": "{0} per vierkante sentimeter"
          },
          "area-square-mile": {
            "displayName": "vierkante myl",
            "unitPattern-count-one": "{0} vierkante myl",
            "unitPattern-count-other": "{0} vierkante myl",
            "perUnitPattern": "{0} per vierkante myl"
          },
          "area-acre": {
            "displayName": "akker",
            "unitPattern-count-one": "{0} akker",
            "unitPattern-count-other": "{0} akker"
          },
          "area-square-yard": {
            "displayName": "vierkante jaart",
            "unitPattern-count-one": "{0} vierkante jaart",
            "unitPattern-count-other": "{0} vierkante jaart"
          },
          "area-square-foot": {
            "displayName": "vierkante voet",
            "unitPattern-count-one": "{0} vierkante voet",
            "unitPattern-count-other": "{0} vierkante voet"
          },
          "area-square-inch": {
            "displayName": "vierkante duim",
            "unitPattern-count-one": "{0} vierkante duim",
            "unitPattern-count-other": "{0} vierkante duim",
            "perUnitPattern": "{0} per vierkante duim"
          },
          "concentr-karat": {
            "displayName": "karaat",
            "unitPattern-count-one": "{0} karaat",
            "unitPattern-count-other": "{0} karaat"
          },
          "concentr-milligram-per-deciliter": {
            "displayName": "milligram per desiliter",
            "unitPattern-count-one": "{0} milligram per desiliter",
            "unitPattern-count-other": "{0} milligram per desiliter"
          },
          "concentr-millimole-per-liter": {
            "displayName": "millimol per liter",
            "unitPattern-count-one": "{0} millimol per liter",
            "unitPattern-count-other": "{0} millimol per liter"
          },
          "concentr-part-per-million": {
            "displayName": "dele per miljoen",
            "unitPattern-count-one": "{0} dele per miljoen",
            "unitPattern-count-other": "{0} dele per miljoen"
          },
          "consumption-liter-per-kilometer": {
            "displayName": "liter per kilometer",
            "unitPattern-count-one": "{0} liter per kilometer",
            "unitPattern-count-other": "{0} liter per kilometer"
          },
          "consumption-liter-per-100kilometers": {
            "displayName": "liter per 100 kilometers",
            "unitPattern-count-one": "{0} liter per 100 kilometers",
            "unitPattern-count-other": "{0} liter per 100 kilometers"
          },
          "consumption-mile-per-gallon": {
            "displayName": "myl per gelling",
            "unitPattern-count-one": "{0} myl per gelling",
            "unitPattern-count-other": "{0} myl per gelling"
          },
          "consumption-mile-per-gallon-imperial": {
            "displayName": "myl per imp. gelling",
            "unitPattern-count-one": "{0} myl per imp. gelling",
            "unitPattern-count-other": "{0} myl per imp. gelling"
          },
          "digital-terabyte": {
            "displayName": "TB",
            "unitPattern-count-one": "{0} TB",
            "unitPattern-count-other": "{0} TB"
          },
          "digital-terabit": {
            "displayName": "Tb",
            "unitPattern-count-one": "{0} Tb",
            "unitPattern-count-other": "{0} Tb"
          },
          "digital-gigabyte": {
            "displayName": "GB",
            "unitPattern-count-one": "{0} GB",
            "unitPattern-count-other": "{0} GB"
          },
          "digital-gigabit": {
            "displayName": "Gb",
            "unitPattern-count-one": "{0} Gb",
            "unitPattern-count-other": "{0} Gb"
          },
          "digital-megabyte": {
            "displayName": "MB",
            "unitPattern-count-one": "{0} MB",
            "unitPattern-count-other": "{0} MB"
          },
          "digital-megabit": {
            "displayName": "Mb",
            "unitPattern-count-one": "{0} Mb",
            "unitPattern-count-other": "{0} Mb"
          },
          "digital-kilobyte": {
            "displayName": "kB",
            "unitPattern-count-one": "{0} kB",
            "unitPattern-count-other": "{0} kB"
          },
          "digital-kilobit": {
            "displayName": "kb",
            "unitPattern-count-one": "{0} kb",
            "unitPattern-count-other": "{0} kb"
          },
          "digital-byte": {
            "displayName": "grepe",
            "unitPattern-count-one": "{0} greep",
            "unitPattern-count-other": "{0} grepe"
          },
          "digital-bit": {
            "displayName": "bis",
            "unitPattern-count-one": "{0} bis",
            "unitPattern-count-other": "{0} bis"
          },
          "duration-century": {
            "displayName": "eeu",
            "unitPattern-count-one": "{0} eeu",
            "unitPattern-count-other": "{0} eeue"
          },
          "duration-year": {
            "displayName": "jaar",
            "unitPattern-count-one": "{0} jaar",
            "unitPattern-count-other": "{0} jaar",
            "perUnitPattern": "{0} per jaar"
          },
          "duration-month": {
            "displayName": "maande",
            "unitPattern-count-one": "{0} maand",
            "unitPattern-count-other": "{0} maande",
            "perUnitPattern": "{0}/md."
          },
          "duration-week": {
            "displayName": "weke",
            "unitPattern-count-one": "{0} week",
            "unitPattern-count-other": "{0} weke",
            "perUnitPattern": "{0}/w."
          },
          "duration-day": {
            "displayName": "dae",
            "unitPattern-count-one": "{0} dag",
            "unitPattern-count-other": "{0} dae",
            "perUnitPattern": "{0}/d."
          },
          "duration-hour": {
            "displayName": "uur",
            "unitPattern-count-one": "{0} uur",
            "unitPattern-count-other": "{0} uur",
            "perUnitPattern": "{0}/h"
          },
          "duration-minute": {
            "displayName": "minute",
            "unitPattern-count-one": "{0} minuut",
            "unitPattern-count-other": "{0} minute",
            "perUnitPattern": "{0} per minuut"
          },
          "duration-second": {
            "displayName": "sekondes",
            "unitPattern-count-one": "{0} sekonde",
            "unitPattern-count-other": "{0} sekondes",
            "perUnitPattern": "{0}/s"
          },
          "duration-millisecond": {
            "displayName": "millisekondes",
            "unitPattern-count-one": "{0} millisekonde",
            "unitPattern-count-other": "{0} millisekondes"
          },
          "duration-microsecond": {
            "displayName": "mikrosekondes",
            "unitPattern-count-one": "{0} mikrosekonde",
            "unitPattern-count-other": "{0} mikrosekondes"
          },
          "duration-nanosecond": {
            "displayName": "nanosekondes",
            "unitPattern-count-one": "{0} nanosekonde",
            "unitPattern-count-other": "{0} nanosekondes"
          },
          "electric-ampere": {
            "displayName": "ampere",
            "unitPattern-count-one": "{0} ampere",
            "unitPattern-count-other": "{0} ampere"
          },
          "electric-milliampere": {
            "displayName": "mA",
            "unitPattern-count-one": "{0} mA",
            "unitPattern-count-other": "{0} mA"
          },
          "electric-ohm": {
            "displayName": "ohm",
            "unitPattern-count-one": "{0} ohm",
            "unitPattern-count-other": "{0} ohm"
          },
          "electric-volt": {
            "displayName": "volt",
            "unitPattern-count-one": "{0} volt",
            "unitPattern-count-other": "{0} volt"
          },
          "energy-kilocalorie": {
            "displayName": "kilokalorië",
            "unitPattern-count-one": "{0} kilokalorie",
            "unitPattern-count-other": "{0} kilokalorië"
          },
          "energy-calorie": {
            "displayName": "kalorië",
            "unitPattern-count-one": "{0} kalorie",
            "unitPattern-count-other": "{0} kalorië"
          },
          "energy-foodcalorie": {
            "displayName": "Kalorië",
            "unitPattern-count-one": "{0} Kalorie",
            "unitPattern-count-other": "{0} Kalorië"
          },
          "energy-kilojoule": {
            "displayName": "kJ",
            "unitPattern-count-one": "{0} kJ",
            "unitPattern-count-other": "{0} kJ"
          },
          "energy-joule": {
            "displayName": "joule",
            "unitPattern-count-one": "{0} joule",
            "unitPattern-count-other": "{0} joule"
          },
          "energy-kilowatt-hour": {
            "displayName": "kWh",
            "unitPattern-count-one": "{0} kWh",
            "unitPattern-count-other": "{0} kWh"
          },
          "frequency-gigahertz": {
            "displayName": "GHz",
            "unitPattern-count-one": "{0} GHz",
            "unitPattern-count-other": "{0} GHz"
          },
          "frequency-megahertz": {
            "displayName": "MHz",
            "unitPattern-count-one": "{0} MHz",
            "unitPattern-count-other": "{0} MHz"
          },
          "frequency-kilohertz": {
            "displayName": "kHz",
            "unitPattern-count-one": "{0} kHz",
            "unitPattern-count-other": "{0} kHz"
          },
          "frequency-hertz": {
            "displayName": "Hz",
            "unitPattern-count-one": "{0} Hz",
            "unitPattern-count-other": "{0} Hz"
          },
          "length-kilometer": {
            "displayName": "kilometer",
            "unitPattern-count-one": "{0} kilometer",
            "unitPattern-count-other": "{0} kilometer",
            "perUnitPattern": "{0} per kilometer"
          },
          "length-meter": {
            "displayName": "meter",
            "unitPattern-count-one": "{0} meter",
            "unitPattern-count-other": "{0} meter",
            "perUnitPattern": "{0} per meter"
          },
          "length-decimeter": {
            "displayName": "desimeter",
            "unitPattern-count-one": "{0} desimeter",
            "unitPattern-count-other": "{0} desimeter"
          },
          "length-centimeter": {
            "displayName": "sentimeter",
            "unitPattern-count-one": "{0} sentimeter",
            "unitPattern-count-other": "{0} sentimeter",
            "perUnitPattern": "{0} per sentimeter"
          },
          "length-millimeter": {
            "displayName": "millimeter",
            "unitPattern-count-one": "{0} millimeter",
            "unitPattern-count-other": "{0} millimeter"
          },
          "length-micrometer": {
            "displayName": "mikrometer",
            "unitPattern-count-one": "{0} mikrometer",
            "unitPattern-count-other": "{0} mikrometer"
          },
          "length-nanometer": {
            "displayName": "nanometer",
            "unitPattern-count-one": "{0} nanometer",
            "unitPattern-count-other": "{0} nanometer"
          },
          "length-picometer": {
            "displayName": "pikometer",
            "unitPattern-count-one": "{0} pikometer",
            "unitPattern-count-other": "{0} pikometer"
          },
          "length-mile": {
            "displayName": "myl",
            "unitPattern-count-one": "{0} myl",
            "unitPattern-count-other": "{0} myl"
          },
          "length-yard": {
            "displayName": "jaart",
            "unitPattern-count-one": "{0} jaart",
            "unitPattern-count-other": "{0} jaart"
          },
          "length-foot": {
            "displayName": "voet",
            "unitPattern-count-one": "{0} voet",
            "unitPattern-count-other": "{0} voet",
            "perUnitPattern": "{0} per voet"
          },
          "length-inch": {
            "displayName": "duim",
            "unitPattern-count-one": "{0} duim",
            "unitPattern-count-other": "{0} duim",
            "perUnitPattern": "{0} per duim"
          },
          "length-parsec": {
            "displayName": "parsek",
            "unitPattern-count-one": "{0} parsek",
            "unitPattern-count-other": "{0} parsek"
          },
          "length-light-year": {
            "displayName": "ligjare",
            "unitPattern-count-one": "{0} ligjare",
            "unitPattern-count-other": "{0} ligjare"
          },
          "length-astronomical-unit": {
            "displayName": "astronomiese eenheid",
            "unitPattern-count-one": "{0} astronomiese eenheid",
            "unitPattern-count-other": "{0} astronomiese eenheid"
          },
          "length-furlong": {
            "displayName": "fur",
            "unitPattern-count-other": "{0} fur"
          },
          "length-fathom": {
            "displayName": "fm",
            "unitPattern-count-other": "{0} fm"
          },
          "length-nautical-mile": {
            "displayName": "seemyl",
            "unitPattern-count-one": "{0} seemyl",
            "unitPattern-count-other": "{0} seemyl"
          },
          "length-mile-scandinavian": {
            "displayName": "skandinawiese myl",
            "unitPattern-count-one": "{0} skandinawiese myl",
            "unitPattern-count-other": "{0} skandinawiese myl"
          },
          "length-point": {
            "displayName": "pt",
            "unitPattern-count-other": "{0} pt"
          },
          "light-lux": {
            "displayName": "lux",
            "unitPattern-count-one": "{0} lux",
            "unitPattern-count-other": "{0} lux"
          },
          "mass-metric-ton": {
            "displayName": "metrieke ton",
            "unitPattern-count-one": "{0} metrieke ton",
            "unitPattern-count-other": "{0} metrieke ton"
          },
          "mass-kilogram": {
            "displayName": "kilogram",
            "unitPattern-count-one": "{0} kilogram",
            "unitPattern-count-other": "{0} kilogram",
            "perUnitPattern": "{0} per kilogram"
          },
          "mass-gram": {
            "displayName": "gram",
            "unitPattern-count-one": "{0} gram",
            "unitPattern-count-other": "{0} gram",
            "perUnitPattern": "{0} per gram"
          },
          "mass-milligram": {
            "displayName": "milligram",
            "unitPattern-count-one": "{0} milligram",
            "unitPattern-count-other": "{0} milligram"
          },
          "mass-microgram": {
            "displayName": "mikrogram",
            "unitPattern-count-one": "{0} mikrogram",
            "unitPattern-count-other": "{0} mikrogram"
          },
          "mass-ton": {
            "displayName": "ton",
            "unitPattern-count-one": "{0} ton",
            "unitPattern-count-other": "{0} ton"
          },
          "mass-stone": {
            "displayName": "st",
            "unitPattern-count-other": "{0} st"
          },
          "mass-pound": {
            "displayName": "pond",
            "unitPattern-count-one": "{0} pond",
            "unitPattern-count-other": "{0} pond",
            "perUnitPattern": "{0}/lb"
          },
          "mass-ounce": {
            "displayName": "onse",
            "unitPattern-count-one": "{0} ons",
            "unitPattern-count-other": "{0} onse",
            "perUnitPattern": "{0} per ons"
          },
          "mass-ounce-troy": {
            "displayName": "troy-onse",
            "unitPattern-count-one": "{0} troy-ons",
            "unitPattern-count-other": "{0} troy-onse"
          },
          "mass-carat": {
            "displayName": "karaat",
            "unitPattern-count-one": "{0} karaat",
            "unitPattern-count-other": "{0} karaat"
          },
          "power-gigawatt": {
            "displayName": "GW",
            "unitPattern-count-one": "{0} GW",
            "unitPattern-count-other": "{0} GW"
          },
          "power-megawatt": {
            "displayName": "MW",
            "unitPattern-count-one": "{0} MW",
            "unitPattern-count-other": "{0} MW"
          },
          "power-kilowatt": {
            "displayName": "kilowatt",
            "unitPattern-count-one": "{0} kilowatt",
            "unitPattern-count-other": "{0} kilowatt"
          },
          "power-watt": {
            "displayName": "watt",
            "unitPattern-count-one": "{0} watt",
            "unitPattern-count-other": "{0} watt"
          },
          "power-milliwatt": {
            "displayName": "mW",
            "unitPattern-count-one": "{0} mW",
            "unitPattern-count-other": "{0} mW"
          },
          "power-horsepower": {
            "displayName": "perdekrag",
            "unitPattern-count-one": "{0} perdekrag",
            "unitPattern-count-other": "{0} perdekrag"
          },
          "pressure-hectopascal": {
            "displayName": "hektopascal",
            "unitPattern-count-one": "{0} hektopascal",
            "unitPattern-count-other": "{0} hektopascal"
          },
          "pressure-millimeter-of-mercury": {
            "displayName": "millimeter kwik",
            "unitPattern-count-one": "{0} millimeter kwik",
            "unitPattern-count-other": "{0} millimeter kwik"
          },
          "pressure-pound-per-square-inch": {
            "displayName": "pond per vierkante duim",
            "unitPattern-count-one": "{0} pond per vierkante duim",
            "unitPattern-count-other": "{0} pond per vierkante duim"
          },
          "pressure-inch-hg": {
            "displayName": "duim kwik",
            "unitPattern-count-one": "{0} duim kwik",
            "unitPattern-count-other": "{0} duim kwik"
          },
          "pressure-millibar": {
            "displayName": "millibar",
            "unitPattern-count-one": "{0} millibar",
            "unitPattern-count-other": "{0} millibar"
          },
          "speed-kilometer-per-hour": {
            "displayName": "kilometer per uur",
            "unitPattern-count-one": "{0} kilometer per uur",
            "unitPattern-count-other": "{0} kilometer per uur"
          },
          "speed-meter-per-second": {
            "displayName": "meter per sekonde",
            "unitPattern-count-one": "{0} meter per sekonde",
            "unitPattern-count-other": "{0} meter per sekonde"
          },
          "speed-mile-per-hour": {
            "displayName": "myl per uur",
            "unitPattern-count-one": "{0} myl per uur",
            "unitPattern-count-other": "{0} myl per uur"
          },
          "speed-knot": {
            "displayName": "knoop",
            "unitPattern-count-one": "{0} knoop",
            "unitPattern-count-other": "{0} knope"
          },
          "temperature-generic": {
            "displayName": "°",
            "unitPattern-count-one": "{0}°",
            "unitPattern-count-other": "{0}°"
          },
          "temperature-celsius": {
            "displayName": "grade Celsius",
            "unitPattern-count-one": "{0} graad Celsius",
            "unitPattern-count-other": "{0} grade Celsius"
          },
          "temperature-fahrenheit": {
            "displayName": "grade Fahrenheit",
            "unitPattern-count-one": "{0} graad Fahrenheit",
            "unitPattern-count-other": "{0} grade Fahrenheit"
          },
          "temperature-kelvin": {
            "displayName": "K",
            "unitPattern-count-one": "{0} K",
            "unitPattern-count-other": "{0} K"
          },
          "volume-cubic-kilometer": {
            "displayName": "kubieke kilometer",
            "unitPattern-count-one": "{0} kubieke kilometer",
            "unitPattern-count-other": "{0} kubieke kilometer"
          },
          "volume-cubic-meter": {
            "displayName": "kubieke meter",
            "unitPattern-count-one": "{0} kubieke meter",
            "unitPattern-count-other": "{0} kubieke meter",
            "perUnitPattern": "{0} per kubieke meter"
          },
          "volume-cubic-centimeter": {
            "displayName": "kubieke sentimeter",
            "unitPattern-count-one": "{0} kubieke sentimeter",
            "unitPattern-count-other": "{0} kubieke sentimeter",
            "perUnitPattern": "{0} per kubieke sentimeter"
          },
          "volume-cubic-mile": {
            "displayName": "kubieke myl",
            "unitPattern-count-one": "{0} kubieke myl",
            "unitPattern-count-other": "{0} kubieke myl"
          },
          "volume-cubic-yard": {
            "displayName": "kubieke jaart",
            "unitPattern-count-one": "{0} kubieke jaart",
            "unitPattern-count-other": "{0} kubieke jaart"
          },
          "volume-cubic-foot": {
            "displayName": "kubieke voet",
            "unitPattern-count-one": "{0} kubieke voet",
            "unitPattern-count-other": "{0} ft³"
          },
          "volume-cubic-inch": {
            "displayName": "kubieke duim",
            "unitPattern-count-one": "{0} kubieke duim",
            "unitPattern-count-other": "{0} kubieke duim"
          },
          "volume-megaliter": {
            "displayName": "megaliter",
            "unitPattern-count-one": "{0} megaliter",
            "unitPattern-count-other": "{0} megaliter"
          },
          "volume-hectoliter": {
            "displayName": "hektoliter",
            "unitPattern-count-one": "{0} hektoliter",
            "unitPattern-count-other": "{0} hektoliter"
          },
          "volume-liter": {
            "displayName": "liter",
            "unitPattern-count-one": "{0} liter",
            "unitPattern-count-other": "{0} liter",
            "perUnitPattern": "{0} per liter"
          },
          "volume-deciliter": {
            "displayName": "desiliter",
            "unitPattern-count-one": "{0} desiliter",
            "unitPattern-count-other": "{0} desiliter"
          },
          "volume-centiliter": {
            "displayName": "sentiliter",
            "unitPattern-count-one": "{0} sentiliter",
            "unitPattern-count-other": "{0} sentiliter"
          },
          "volume-milliliter": {
            "displayName": "milliliter",
            "unitPattern-count-one": "{0} milliliter",
            "unitPattern-count-other": "{0} milliliter"
          },
          "volume-pint-metric": {
            "displayName": "metrieke pinte",
            "unitPattern-count-one": "{0} metrieke pint",
            "unitPattern-count-other": "{0} metrieke pinte"
          },
          "volume-cup-metric": {
            "displayName": "metrieke koppies",
            "unitPattern-count-one": "{0} metrieke koppie",
            "unitPattern-count-other": "{0} metrieke koppies"
          },
          "volume-acre-foot": {
            "displayName": "akkervoet",
            "unitPattern-count-one": "{0} akkervoet",
            "unitPattern-count-other": "{0} akkervoet"
          },
          "volume-bushel": {
            "displayName": "bu",
            "unitPattern-count-other": "{0} bu"
          },
          "volume-gallon": {
            "displayName": "gelling",
            "unitPattern-count-one": "{0} gelling",
            "unitPattern-count-other": "{0} gelling",
            "perUnitPattern": "{0} per gelling"
          },
          "volume-gallon-imperial": {
            "displayName": "imp. gelling",
            "unitPattern-count-one": "{0} imp. gelling",
            "unitPattern-count-other": "{0} imp. gelling",
            "perUnitPattern": "{0}/imp. gel."
          },
          "volume-quart": {
            "displayName": "kwarte",
            "unitPattern-count-one": "{0} kwart",
            "unitPattern-count-other": "{0} kwarte"
          },
          "volume-pint": {
            "displayName": "pinte",
            "unitPattern-count-one": "{0} pint",
            "unitPattern-count-other": "{0} pinte"
          },
          "volume-cup": {
            "displayName": "koppies",
            "unitPattern-count-one": "{0} koppie",
            "unitPattern-count-other": "{0} koppies"
          },
          "volume-fluid-ounce": {
            "displayName": "vloeistofonse",
            "unitPattern-count-one": "{0} vloeistofons",
            "unitPattern-count-other": "{0} vloeistofonse"
          },
          "volume-tablespoon": {
            "displayName": "eetlepel",
            "unitPattern-count-one": "{0} eetlepel",
            "unitPattern-count-other": "{0} eetlepels"
          },
          "volume-teaspoon": {
            "displayName": "teelepels",
            "unitPattern-count-one": "{0} teelepel",
            "unitPattern-count-other": "{0} teelepels"
          },
          "coordinateUnit": {
            "east": "{0}O",
            "north": "{0}N",
            "south": "{0}S",
            "west": "{0}W"
          }
        },
        "short": {
          "per": {
            "compoundUnitPattern": "{0}/{1}"
          },
          "acceleration-g-force": {
            "displayName": "swaartekrag van die Aarde",
            "unitPattern-count-one": "{0} G",
            "unitPattern-count-other": "{0} G"
          },
          "acceleration-meter-per-second-squared": {
            "displayName": "m/s²",
            "unitPattern-count-one": "{0} m/s²",
            "unitPattern-count-other": "{0} m/s²"
          },
          "angle-revolution": {
            "displayName": "rew.",
            "unitPattern-count-one": "{0} rew.",
            "unitPattern-count-other": "{0} rew."
          },
          "angle-radian": {
            "displayName": "radiale",
            "unitPattern-count-one": "{0} rad.",
            "unitPattern-count-other": "{0} rad."
          },
          "angle-degree": {
            "displayName": "grade",
            "unitPattern-count-one": "{0} gr.",
            "unitPattern-count-other": "{0} gr."
          },
          "angle-arc-minute": {
            "displayName": "boogminute",
            "unitPattern-count-one": "{0} boogmin.",
            "unitPattern-count-other": "{0} boogmin."
          },
          "angle-arc-second": {
            "displayName": "boogsekondes",
            "unitPattern-count-one": "{0} boogsek.",
            "unitPattern-count-other": "{0} boogsek."
          },
          "area-square-kilometer": {
            "displayName": "km²",
            "unitPattern-count-one": "{0} km²",
            "unitPattern-count-other": "{0} km²",
            "perUnitPattern": "{0}/km²"
          },
          "area-hectare": {
            "displayName": "hektaar",
            "unitPattern-count-one": "{0} ha",
            "unitPattern-count-other": "{0} ha"
          },
          "area-square-meter": {
            "displayName": "m²",
            "unitPattern-count-one": "{0} m²",
            "unitPattern-count-other": "{0} m²",
            "perUnitPattern": "{0}/m²"
          },
          "area-square-centimeter": {
            "displayName": "cm²",
            "unitPattern-count-one": "{0} cm²",
            "unitPattern-count-other": "{0} cm²",
            "perUnitPattern": "{0}/cm²"
          },
          "area-square-mile": {
            "displayName": "myl²",
            "unitPattern-count-one": "{0} myl²",
            "unitPattern-count-other": "{0} myl²",
            "perUnitPattern": "{0}/myl²"
          },
          "area-acre": {
            "displayName": "akker",
            "unitPattern-count-one": "{0} ak",
            "unitPattern-count-other": "{0} ak"
          },
          "area-square-yard": {
            "displayName": "jaart²",
            "unitPattern-count-one": "{0} jt.²",
            "unitPattern-count-other": "{0} jt.²"
          },
          "area-square-foot": {
            "displayName": "vt.²",
            "unitPattern-count-one": "{0} vt.²",
            "unitPattern-count-other": "{0} vt.²"
          },
          "area-square-inch": {
            "displayName": "duim²",
            "unitPattern-count-one": "{0} dm.²",
            "unitPattern-count-other": "{0} dm.²",
            "perUnitPattern": "{0}/dm.²"
          },
          "concentr-karat": {
            "displayName": "karaat",
            "unitPattern-count-one": "{0} kar.",
            "unitPattern-count-other": "{0} kar."
          },
          "concentr-milligram-per-deciliter": {
            "displayName": "mg/dℓ",
            "unitPattern-count-one": "{0} mg/dℓ",
            "unitPattern-count-other": "{0} mg/dℓ"
          },
          "concentr-millimole-per-liter": {
            "displayName": "millimol/ℓ",
            "unitPattern-count-one": "{0} mmol/ℓ",
            "unitPattern-count-other": "{0} mmol/ℓ"
          },
          "concentr-part-per-million": {
            "displayName": "dele/miljoen",
            "unitPattern-count-one": "{0} d.p.m.",
            "unitPattern-count-other": "{0} d.p.m."
          },
          "consumption-liter-per-kilometer": {
            "displayName": "liter/km",
            "unitPattern-count-one": "{0} ℓ/km",
            "unitPattern-count-other": "{0} ℓ/km"
          },
          "consumption-liter-per-100kilometers": {
            "displayName": "ℓ/100km",
            "unitPattern-count-one": "{0} ℓ/100km",
            "unitPattern-count-other": "{0} ℓ/100km"
          },
          "consumption-mile-per-gallon": {
            "displayName": "myl/gel.",
            "unitPattern-count-one": "{0} m.p.g.",
            "unitPattern-count-other": "{0} m.p.g."
          },
          "consumption-mile-per-gallon-imperial": {
            "displayName": "myl/imp. gel.",
            "unitPattern-count-one": "{0} m.p.imp.g.",
            "unitPattern-count-other": "{0} m.p.imp.g."
          },
          "digital-terabyte": {
            "displayName": "TB",
            "unitPattern-count-one": "{0} TB",
            "unitPattern-count-other": "{0} TB"
          },
          "digital-terabit": {
            "displayName": "Tb",
            "unitPattern-count-one": "{0} Tb",
            "unitPattern-count-other": "{0} Tb"
          },
          "digital-gigabyte": {
            "displayName": "GB",
            "unitPattern-count-one": "{0} GB",
            "unitPattern-count-other": "{0} GB"
          },
          "digital-gigabit": {
            "displayName": "Gb",
            "unitPattern-count-one": "{0} Gb",
            "unitPattern-count-other": "{0} Gb"
          },
          "digital-megabyte": {
            "displayName": "MB",
            "unitPattern-count-one": "{0} MB",
            "unitPattern-count-other": "{0} MB"
          },
          "digital-megabit": {
            "displayName": "Mb",
            "unitPattern-count-one": "{0} Mb",
            "unitPattern-count-other": "{0} Mb"
          },
          "digital-kilobyte": {
            "displayName": "kB",
            "unitPattern-count-one": "{0} kB",
            "unitPattern-count-other": "{0} kB"
          },
          "digital-kilobit": {
            "displayName": "kb",
            "unitPattern-count-one": "{0} kb",
            "unitPattern-count-other": "{0} kb"
          },
          "digital-byte": {
            "displayName": "greep",
            "unitPattern-count-one": "{0} greep",
            "unitPattern-count-other": "{0} greep"
          },
          "digital-bit": {
            "displayName": "bis",
            "unitPattern-count-one": "{0} bis",
            "unitPattern-count-other": "{0} bis"
          },
          "duration-century": {
            "displayName": "e.",
            "unitPattern-count-one": "{0} e.",
            "unitPattern-count-other": "{0} e."
          },
          "duration-year": {
            "displayName": "jaar",
            "unitPattern-count-one": "{0} j.",
            "unitPattern-count-other": "{0} j.",
            "perUnitPattern": "{0}/j."
          },
          "duration-month": {
            "displayName": "maande",
            "unitPattern-count-one": "{0} md.",
            "unitPattern-count-other": "{0} md.",
            "perUnitPattern": "{0}/md."
          },
          "duration-week": {
            "displayName": "weke",
            "unitPattern-count-one": "{0} w.",
            "unitPattern-count-other": "{0} w.",
            "perUnitPattern": "{0}/w."
          },
          "duration-day": {
            "displayName": "dae",
            "unitPattern-count-one": "{0} dag",
            "unitPattern-count-other": "{0} dae",
            "perUnitPattern": "{0}/d."
          },
          "duration-hour": {
            "displayName": "uur",
            "unitPattern-count-one": "{0} u.",
            "unitPattern-count-other": "{0} u.",
            "perUnitPattern": "{0}/h"
          },
          "duration-minute": {
            "displayName": "minute",
            "unitPattern-count-one": "{0} min.",
            "unitPattern-count-other": "{0} min.",
            "perUnitPattern": "{0}/min"
          },
          "duration-second": {
            "displayName": "sekondes",
            "unitPattern-count-one": "{0} sek.",
            "unitPattern-count-other": "{0} sek.",
            "perUnitPattern": "{0}/s"
          },
          "duration-millisecond": {
            "displayName": "millisekondes",
            "unitPattern-count-one": "{0} ms",
            "unitPattern-count-other": "{0} ms"
          },
          "duration-microsecond": {
            "displayName": "μs",
            "unitPattern-count-one": "{0} μs",
            "unitPattern-count-other": "{0} μs"
          },
          "duration-nanosecond": {
            "displayName": "ns",
            "unitPattern-count-one": "{0} ns",
            "unitPattern-count-other": "{0} ns"
          },
          "electric-ampere": {
            "displayName": "ampere",
            "unitPattern-count-one": "{0} A",
            "unitPattern-count-other": "{0} A"
          },
          "electric-milliampere": {
            "displayName": "mA",
            "unitPattern-count-one": "{0} mA",
            "unitPattern-count-other": "{0} mA"
          },
          "electric-ohm": {
            "displayName": "ohm",
            "unitPattern-count-one": "{0} Ω",
            "unitPattern-count-other": "{0} Ω"
          },
          "electric-volt": {
            "displayName": "volt",
            "unitPattern-count-one": "{0} V",
            "unitPattern-count-other": "{0} V"
          },
          "energy-kilocalorie": {
            "displayName": "kkal.",
            "unitPattern-count-one": "{0} kkal.",
            "unitPattern-count-other": "{0} kkal."
          },
          "energy-calorie": {
            "displayName": "kal.",
            "unitPattern-count-one": "{0} kal.",
            "unitPattern-count-other": "{0} kal."
          },
          "energy-foodcalorie": {
            "displayName": "kal.",
            "unitPattern-count-one": "{0} kal.",
            "unitPattern-count-other": "{0} kal."
          },
          "energy-kilojoule": {
            "displayName": "kJ",
            "unitPattern-count-one": "{0} kJ",
            "unitPattern-count-other": "{0} kJ"
          },
          "energy-joule": {
            "displayName": "joule",
            "unitPattern-count-one": "{0} J",
            "unitPattern-count-other": "{0} J"
          },
          "energy-kilowatt-hour": {
            "displayName": "kWh",
            "unitPattern-count-one": "{0} kWh",
            "unitPattern-count-other": "{0} kWh"
          },
          "frequency-gigahertz": {
            "displayName": "GHz",
            "unitPattern-count-one": "{0} GHz",
            "unitPattern-count-other": "{0} GHz"
          },
          "frequency-megahertz": {
            "displayName": "MHz",
            "unitPattern-count-one": "{0} MHz",
            "unitPattern-count-other": "{0} MHz"
          },
          "frequency-kilohertz": {
            "displayName": "kHz",
            "unitPattern-count-one": "{0} kHz",
            "unitPattern-count-other": "{0} kHz"
          },
          "frequency-hertz": {
            "displayName": "Hz",
            "unitPattern-count-one": "{0} Hz",
            "unitPattern-count-other": "{0} Hz"
          },
          "length-kilometer": {
            "displayName": "km",
            "unitPattern-count-one": "{0} km",
            "unitPattern-count-other": "{0} km",
            "perUnitPattern": "{0}/km"
          },
          "length-meter": {
            "displayName": "meter",
            "unitPattern-count-one": "{0} m",
            "unitPattern-count-other": "{0} m",
            "perUnitPattern": "{0}/m"
          },
          "length-decimeter": {
            "displayName": "dm",
            "unitPattern-count-one": "{0} dm",
            "unitPattern-count-other": "{0} dm"
          },
          "length-centimeter": {
            "displayName": "cm",
            "unitPattern-count-one": "{0} cm",
            "unitPattern-count-other": "{0} cm",
            "perUnitPattern": "{0}/cm"
          },
          "length-millimeter": {
            "displayName": "mm",
            "unitPattern-count-one": "{0} mm",
            "unitPattern-count-other": "{0} mm"
          },
          "length-micrometer": {
            "displayName": "µm",
            "unitPattern-count-one": "{0} µm",
            "unitPattern-count-other": "{0} µm"
          },
          "length-nanometer": {
            "displayName": "nm",
            "unitPattern-count-one": "{0} nm",
            "unitPattern-count-other": "{0} nm"
          },
          "length-picometer": {
            "displayName": "pm",
            "unitPattern-count-one": "{0} pm",
            "unitPattern-count-other": "{0} pm"
          },
          "length-mile": {
            "displayName": "myl",
            "unitPattern-count-one": "{0} myl",
            "unitPattern-count-other": "{0} myl"
          },
          "length-yard": {
            "displayName": "jaart",
            "unitPattern-count-one": "{0} jt.",
            "unitPattern-count-other": "{0} jt."
          },
          "length-foot": {
            "displayName": "voet",
            "unitPattern-count-one": "{0} vt.",
            "unitPattern-count-other": "{0} vt.",
            "perUnitPattern": "{0}/vt."
          },
          "length-inch": {
            "displayName": "duim",
            "unitPattern-count-one": "{0} duim",
            "unitPattern-count-other": "{0} duim",
            "perUnitPattern": "{0}/duim"
          },
          "length-parsec": {
            "displayName": "parsek",
            "unitPattern-count-one": "{0} pc",
            "unitPattern-count-other": "{0} pc"
          },
          "length-light-year": {
            "displayName": "ligjare",
            "unitPattern-count-one": "{0} lj.",
            "unitPattern-count-other": "{0} lj."
          },
          "length-astronomical-unit": {
            "displayName": "AE",
            "unitPattern-count-one": "{0} AE",
            "unitPattern-count-other": "{0} AE"
          },
          "length-furlong": {
            "displayName": "fur",
            "unitPattern-count-other": "{0} fur"
          },
          "length-fathom": {
            "displayName": "fm",
            "unitPattern-count-other": "{0} fm"
          },
          "length-nautical-mile": {
            "displayName": "sm.",
            "unitPattern-count-one": "{0} sm.",
            "unitPattern-count-other": "{0} sm."
          },
          "length-mile-scandinavian": {
            "displayName": "smi",
            "unitPattern-count-one": "{0} smi",
            "unitPattern-count-other": "{0} smi"
          },
          "length-point": {
            "displayName": "pt",
            "unitPattern-count-other": "{0} pt"
          },
          "light-lux": {
            "displayName": "lux",
            "unitPattern-count-one": "{0} lux",
            "unitPattern-count-other": "{0} lux"
          },
          "mass-metric-ton": {
            "displayName": "t",
            "unitPattern-count-one": "{0} t",
            "unitPattern-count-other": "{0} t"
          },
          "mass-kilogram": {
            "displayName": "kg",
            "unitPattern-count-one": "{0} kg",
            "unitPattern-count-other": "{0} kg",
            "perUnitPattern": "{0}/kg"
          },
          "mass-gram": {
            "displayName": "gram",
            "unitPattern-count-one": "{0} g",
            "unitPattern-count-other": "{0} g",
            "perUnitPattern": "{0}/g"
          },
          "mass-milligram": {
            "displayName": "mg",
            "unitPattern-count-one": "{0} mg",
            "unitPattern-count-other": "{0} mg"
          },
          "mass-microgram": {
            "displayName": "µg",
            "unitPattern-count-one": "{0} µg",
            "unitPattern-count-other": "{0} µg"
          },
          "mass-ton": {
            "displayName": "ton",
            "unitPattern-count-one": "{0} tn",
            "unitPattern-count-other": "{0} tn"
          },
          "mass-stone": {
            "displayName": "st",
            "unitPattern-count-other": "{0} st"
          },
          "mass-pound": {
            "displayName": "lb.",
            "unitPattern-count-one": "{0} lb.",
            "unitPattern-count-other": "{0} lb.",
            "perUnitPattern": "{0}/lb"
          },
          "mass-ounce": {
            "displayName": "oz.",
            "unitPattern-count-one": "{0} oz.",
            "unitPattern-count-other": "{0} oz.",
            "perUnitPattern": "{0}/oz."
          },
          "mass-ounce-troy": {
            "displayName": "troy-ons",
            "unitPattern-count-one": "{0} oz t",
            "unitPattern-count-other": "{0} oz t"
          },
          "mass-carat": {
            "displayName": "karaat",
            "unitPattern-count-one": "{0} kar.",
            "unitPattern-count-other": "{0} kar."
          },
          "power-gigawatt": {
            "displayName": "GW",
            "unitPattern-count-one": "{0} GW",
            "unitPattern-count-other": "{0} GW"
          },
          "power-megawatt": {
            "displayName": "MW",
            "unitPattern-count-one": "{0} MW",
            "unitPattern-count-other": "{0} MW"
          },
          "power-kilowatt": {
            "displayName": "kilowatt",
            "unitPattern-count-one": "{0} kW",
            "unitPattern-count-other": "{0} kW"
          },
          "power-watt": {
            "displayName": "watt",
            "unitPattern-count-one": "{0} W",
            "unitPattern-count-other": "{0} W"
          },
          "power-milliwatt": {
            "displayName": "mW",
            "unitPattern-count-one": "{0} mW",
            "unitPattern-count-other": "{0} mW"
          },
          "power-horsepower": {
            "displayName": "perdekrag",
            "unitPattern-count-one": "{0} pk.",
            "unitPattern-count-other": "{0} pk."
          },
          "pressure-hectopascal": {
            "displayName": "hPa",
            "unitPattern-count-one": "{0} hPa",
            "unitPattern-count-other": "{0} hPa"
          },
          "pressure-millimeter-of-mercury": {
            "displayName": "mm Hg",
            "unitPattern-count-one": "{0} mm Hg",
            "unitPattern-count-other": "{0} mm Hg"
          },
          "pressure-pound-per-square-inch": {
            "displayName": "pond per vierkante duim",
            "unitPattern-count-one": "{0} pd.vk.dm.",
            "unitPattern-count-other": "{0} pd.vk.dm."
          },
          "pressure-inch-hg": {
            "displayName": "duim kwik",
            "unitPattern-count-one": "{0} dm.Hg",
            "unitPattern-count-other": "{0} dm.Hg"
          },
          "pressure-millibar": {
            "displayName": "millibar",
            "unitPattern-count-one": "{0} mbar",
            "unitPattern-count-other": "{0} mbar"
          },
          "speed-kilometer-per-hour": {
            "displayName": "km/uur",
            "unitPattern-count-one": "{0} km/h",
            "unitPattern-count-other": "{0} km/h"
          },
          "speed-meter-per-second": {
            "displayName": "meter per sekonde",
            "unitPattern-count-one": "{0} m/s",
            "unitPattern-count-other": "{0} m/s"
          },
          "speed-mile-per-hour": {
            "displayName": "myl per uur",
            "unitPattern-count-one": "{0} myl/h",
            "unitPattern-count-other": "{0} myl/h"
          },
          "speed-knot": {
            "displayName": "kn.",
            "unitPattern-count-one": "{0} kn.",
            "unitPattern-count-other": "{0} kn."
          },
          "temperature-generic": {
            "displayName": "°",
            "unitPattern-count-one": "{0}°",
            "unitPattern-count-other": "{0}°"
          },
          "temperature-celsius": {
            "displayName": "grade Celsius",
            "unitPattern-count-one": "{0} °C",
            "unitPattern-count-other": "{0} °C"
          },
          "temperature-fahrenheit": {
            "displayName": "grade Fahrenheit",
            "unitPattern-count-one": "{0} °F",
            "unitPattern-count-other": "{0}°F"
          },
          "temperature-kelvin": {
            "displayName": "K",
            "unitPattern-count-one": "{0} K",
            "unitPattern-count-other": "{0} K"
          },
          "volume-cubic-kilometer": {
            "displayName": "km³",
            "unitPattern-count-one": "{0} km³",
            "unitPattern-count-other": "{0} km³"
          },
          "volume-cubic-meter": {
            "displayName": "m³",
            "unitPattern-count-one": "{0} m³",
            "unitPattern-count-other": "{0} m³",
            "perUnitPattern": "{0}/m³"
          },
          "volume-cubic-centimeter": {
            "displayName": "cm³",
            "unitPattern-count-one": "{0} cm³",
            "unitPattern-count-other": "{0} cm³",
            "perUnitPattern": "{0}/cm³"
          },
          "volume-cubic-mile": {
            "displayName": "myl³",
            "unitPattern-count-one": "{0} myl³",
            "unitPattern-count-other": "{0} myl³"
          },
          "volume-cubic-yard": {
            "displayName": "jt.³",
            "unitPattern-count-one": "{0} jt.³",
            "unitPattern-count-other": "{0} jt.³"
          },
          "volume-cubic-foot": {
            "displayName": "ft³",
            "unitPattern-count-one": "{0} ft³",
            "unitPattern-count-other": "{0} ft³"
          },
          "volume-cubic-inch": {
            "displayName": "duim³",
            "unitPattern-count-one": "{0} dm.³",
            "unitPattern-count-other": "{0} dm.³"
          },
          "volume-megaliter": {
            "displayName": "Mℓ",
            "unitPattern-count-one": "{0} Mℓ",
            "unitPattern-count-other": "{0} Mℓ"
          },
          "volume-hectoliter": {
            "displayName": "hℓ",
            "unitPattern-count-one": "{0} hℓ",
            "unitPattern-count-other": "{0} hℓ"
          },
          "volume-liter": {
            "displayName": "liter",
            "unitPattern-count-one": "{0} ℓ",
            "unitPattern-count-other": "{0} ℓ",
            "perUnitPattern": "{0}/ℓ"
          },
          "volume-deciliter": {
            "displayName": "dℓ",
            "unitPattern-count-one": "{0} dℓ",
            "unitPattern-count-other": "{0} dℓ"
          },
          "volume-centiliter": {
            "displayName": "cℓ",
            "unitPattern-count-one": "{0} cℓ",
            "unitPattern-count-other": "{0} cℓ"
          },
          "volume-milliliter": {
            "displayName": "mℓ",
            "unitPattern-count-one": "{0} mℓ",
            "unitPattern-count-other": "{0} mℓ"
          },
          "volume-pint-metric": {
            "displayName": "mpt.",
            "unitPattern-count-one": "{0} mpt.",
            "unitPattern-count-other": "{0} mpt."
          },
          "volume-cup-metric": {
            "displayName": "mkp.",
            "unitPattern-count-one": "{0} mkp.",
            "unitPattern-count-other": "{0} mkp."
          },
          "volume-acre-foot": {
            "displayName": "akkervoet",
            "unitPattern-count-one": "{0} ak.vt.",
            "unitPattern-count-other": "{0} ak.vt."
          },
          "volume-bushel": {
            "displayName": "bu",
            "unitPattern-count-other": "{0} bu"
          },
          "volume-gallon": {
            "displayName": "gell.",
            "unitPattern-count-one": "{0} gell.",
            "unitPattern-count-other": "{0} gell.",
            "perUnitPattern": "{0}/gell."
          },
          "volume-gallon-imperial": {
            "displayName": "imp. gel.",
            "unitPattern-count-one": "{0} imp. gel.",
            "unitPattern-count-other": "{0} imp. gel.",
            "perUnitPattern": "{0}/imp. gel."
          },
          "volume-quart": {
            "displayName": "kw.",
            "unitPattern-count-one": "{0} kw.",
            "unitPattern-count-other": "{0} kw."
          },
          "volume-pint": {
            "displayName": "pinte",
            "unitPattern-count-one": "{0} pt.",
            "unitPattern-count-other": "{0} pt."
          },
          "volume-cup": {
            "displayName": "koppie",
            "unitPattern-count-one": "{0} kp.",
            "unitPattern-count-other": "{0} kp."
          },
          "volume-fluid-ounce": {
            "displayName": "vloz.",
            "unitPattern-count-one": "{0} vloz.",
            "unitPattern-count-other": "{0} vloz."
          },
          "volume-tablespoon": {
            "displayName": "eetl.",
            "unitPattern-count-one": "{0} e.",
            "unitPattern-count-other": "{0} e."
          },
          "volume-teaspoon": {
            "displayName": "teel.",
            "unitPattern-count-one": "{0} teel.",
            "unitPattern-count-other": "{0} teel."
          },
          "coordinateUnit": {
            "east": "{0}O",
            "north": "{0}N",
            "south": "{0}S",
            "west": "{0}W"
          }
        },
        "narrow": {
          "per": {
            "compoundUnitPattern": "{0}/{1}"
          },
          "acceleration-g-force": {
            "displayName": "swaartekrag van die Aarde",
            "unitPattern-count-one": "{0}G",
            "unitPattern-count-other": "{0}G"
          },
          "acceleration-meter-per-second-squared": {
            "displayName": "m/s²",
            "unitPattern-count-one": "{0} m/s²",
            "unitPattern-count-other": "{0} m/s²"
          },
          "angle-revolution": {
            "displayName": "rew.",
            "unitPattern-count-one": "{0} rew.",
            "unitPattern-count-other": "{0} rew."
          },
          "angle-radian": {
            "displayName": "radiale",
            "unitPattern-count-one": "{0} rad.",
            "unitPattern-count-other": "{0} rad."
          },
          "angle-degree": {
            "displayName": "grade",
            "unitPattern-count-one": "{0}°",
            "unitPattern-count-other": "{0}°"
          },
          "angle-arc-minute": {
            "displayName": "boogminute",
            "unitPattern-count-one": "{0}′",
            "unitPattern-count-other": "{0}′"
          },
          "angle-arc-second": {
            "displayName": "boogsekondes",
            "unitPattern-count-one": "{0}″",
            "unitPattern-count-other": "{0}″"
          },
          "area-square-kilometer": {
            "displayName": "km²",
            "unitPattern-count-one": "{0} km²",
            "unitPattern-count-other": "{0} km²",
            "perUnitPattern": "{0}/km²"
          },
          "area-hectare": {
            "displayName": "hektaar",
            "unitPattern-count-one": "{0}ha",
            "unitPattern-count-other": "{0}ha"
          },
          "area-square-meter": {
            "displayName": "m²",
            "unitPattern-count-one": "{0} m²",
            "unitPattern-count-other": "{0} m²",
            "perUnitPattern": "{0}/m²"
          },
          "area-square-centimeter": {
            "displayName": "cm²",
            "unitPattern-count-one": "{0} cm²",
            "unitPattern-count-other": "{0} cm²",
            "perUnitPattern": "{0}/cm²"
          },
          "area-square-mile": {
            "displayName": "myl²",
            "unitPattern-count-one": "{0}myl²",
            "unitPattern-count-other": "{0}myl²",
            "perUnitPattern": "{0}/myl²"
          },
          "area-acre": {
            "displayName": "akker",
            "unitPattern-count-one": "{0} ak",
            "unitPattern-count-other": "{0} ak"
          },
          "area-square-yard": {
            "displayName": "jaart²",
            "unitPattern-count-one": "{0} jt.²",
            "unitPattern-count-other": "{0} jt.²"
          },
          "area-square-foot": {
            "displayName": "vt.²",
            "unitPattern-count-one": "{0} vt.²",
            "unitPattern-count-other": "{0} vt.²"
          },
          "area-square-inch": {
            "displayName": "duim²",
            "unitPattern-count-one": "{0} dm.²",
            "unitPattern-count-other": "{0} dm.²",
            "perUnitPattern": "{0}/dm.²"
          },
          "concentr-karat": {
            "displayName": "karaat",
            "unitPattern-count-one": "{0} kar.",
            "unitPattern-count-other": "{0} kar."
          },
          "concentr-milligram-per-deciliter": {
            "displayName": "mg/dℓ",
            "unitPattern-count-one": "{0} mg/dℓ",
            "unitPattern-count-other": "{0} mg/dℓ"
          },
          "concentr-millimole-per-liter": {
            "displayName": "millimol/ℓ",
            "unitPattern-count-one": "{0} mmol/ℓ",
            "unitPattern-count-other": "{0} mmol/ℓ"
          },
          "concentr-part-per-million": {
            "displayName": "dele/miljoen",
            "unitPattern-count-one": "{0} d.p.m.",
            "unitPattern-count-other": "{0} d.p.m."
          },
          "consumption-liter-per-kilometer": {
            "displayName": "liter/km",
            "unitPattern-count-one": "{0} ℓ/km",
            "unitPattern-count-other": "{0} ℓ/km"
          },
          "consumption-liter-per-100kilometers": {
            "displayName": "ℓ/100km",
            "unitPattern-count-one": "{0} ℓ/100km",
            "unitPattern-count-other": "{0} ℓ/100km"
          },
          "consumption-mile-per-gallon": {
            "displayName": "myl/gel.",
            "unitPattern-count-one": "{0} m.p.g.",
            "unitPattern-count-other": "{0} m.p.g."
          },
          "consumption-mile-per-gallon-imperial": {
            "displayName": "myl/imp. gel.",
            "unitPattern-count-one": "{0} m.p.imp.g.",
            "unitPattern-count-other": "{0} m.p.imp.g."
          },
          "digital-terabyte": {
            "displayName": "TB",
            "unitPattern-count-one": "{0} TB",
            "unitPattern-count-other": "{0} TB"
          },
          "digital-terabit": {
            "displayName": "Tb",
            "unitPattern-count-one": "{0} Tb",
            "unitPattern-count-other": "{0} Tb"
          },
          "digital-gigabyte": {
            "displayName": "GB",
            "unitPattern-count-one": "{0} GB",
            "unitPattern-count-other": "{0} GB"
          },
          "digital-gigabit": {
            "displayName": "Gb",
            "unitPattern-count-one": "{0} Gb",
            "unitPattern-count-other": "{0} Gb"
          },
          "digital-megabyte": {
            "displayName": "MB",
            "unitPattern-count-one": "{0} MB",
            "unitPattern-count-other": "{0} MB"
          },
          "digital-megabit": {
            "displayName": "Mb",
            "unitPattern-count-one": "{0} Mb",
            "unitPattern-count-other": "{0} Mb"
          },
          "digital-kilobyte": {
            "displayName": "kB",
            "unitPattern-count-one": "{0} kB",
            "unitPattern-count-other": "{0} kB"
          },
          "digital-kilobit": {
            "displayName": "kb",
            "unitPattern-count-one": "{0} kb",
            "unitPattern-count-other": "{0} kb"
          },
          "digital-byte": {
            "displayName": "greep",
            "unitPattern-count-one": "{0} greep",
            "unitPattern-count-other": "{0} greep"
          },
          "digital-bit": {
            "displayName": "bis",
            "unitPattern-count-one": "{0} bis",
            "unitPattern-count-other": "{0} bis"
          },
          "duration-century": {
            "displayName": "e.",
            "unitPattern-count-one": "{0} e.",
            "unitPattern-count-other": "{0} e."
          },
          "duration-year": {
            "displayName": "jaar",
            "unitPattern-count-one": "{0} j.",
            "unitPattern-count-other": "{0} j.",
            "perUnitPattern": "{0}/j."
          },
          "duration-month": {
            "displayName": "maand",
            "unitPattern-count-one": "{0} md.",
            "unitPattern-count-other": "{0} md.",
            "perUnitPattern": "{0}/md."
          },
          "duration-week": {
            "displayName": "w.",
            "unitPattern-count-one": "{0} w.",
            "unitPattern-count-other": "{0} w.",
            "perUnitPattern": "{0}/w."
          },
          "duration-day": {
            "displayName": "dag",
            "unitPattern-count-one": "{0} d.",
            "unitPattern-count-other": "{0} d.",
            "perUnitPattern": "{0}/d."
          },
          "duration-hour": {
            "displayName": "uur",
            "unitPattern-count-one": "{0} u.",
            "unitPattern-count-other": "{0} u.",
            "perUnitPattern": "{0}/h"
          },
          "duration-minute": {
            "displayName": "minute",
            "unitPattern-count-one": "{0} min.",
            "unitPattern-count-other": "{0} min.",
            "perUnitPattern": "{0}/min"
          },
          "duration-second": {
            "displayName": "sekondes",
            "unitPattern-count-one": "{0} sek.",
            "unitPattern-count-other": "{0} sek.",
            "perUnitPattern": "{0}/s"
          },
          "duration-millisecond": {
            "displayName": "ms",
            "unitPattern-count-one": "{0} ms",
            "unitPattern-count-other": "{0} ms"
          },
          "duration-microsecond": {
            "displayName": "μs",
            "unitPattern-count-one": "{0} μs",
            "unitPattern-count-other": "{0} μs"
          },
          "duration-nanosecond": {
            "displayName": "ns",
            "unitPattern-count-one": "{0} ns",
            "unitPattern-count-other": "{0} ns"
          },
          "electric-ampere": {
            "displayName": "ampere",
            "unitPattern-count-one": "{0} A",
            "unitPattern-count-other": "{0} A"
          },
          "electric-milliampere": {
            "displayName": "mA",
            "unitPattern-count-one": "{0} mA",
            "unitPattern-count-other": "{0} mA"
          },
          "electric-ohm": {
            "displayName": "ohm",
            "unitPattern-count-one": "{0} Ω",
            "unitPattern-count-other": "{0} Ω"
          },
          "electric-volt": {
            "displayName": "volt",
            "unitPattern-count-one": "{0} V",
            "unitPattern-count-other": "{0} V"
          },
          "energy-kilocalorie": {
            "displayName": "kkal.",
            "unitPattern-count-one": "{0} kkal.",
            "unitPattern-count-other": "{0} kkal."
          },
          "energy-calorie": {
            "displayName": "kal.",
            "unitPattern-count-one": "{0} kal.",
            "unitPattern-count-other": "{0} kal."
          },
          "energy-foodcalorie": {
            "displayName": "kal.",
            "unitPattern-count-one": "{0} kal.",
            "unitPattern-count-other": "{0} kal."
          },
          "energy-kilojoule": {
            "displayName": "kJ",
            "unitPattern-count-one": "{0} kJ",
            "unitPattern-count-other": "{0} kJ"
          },
          "energy-joule": {
            "displayName": "joule",
            "unitPattern-count-one": "{0} J",
            "unitPattern-count-other": "{0} J"
          },
          "energy-kilowatt-hour": {
            "displayName": "kWh",
            "unitPattern-count-one": "{0} kWh",
            "unitPattern-count-other": "{0} kWh"
          },
          "frequency-gigahertz": {
            "displayName": "GHz",
            "unitPattern-count-one": "{0} GHz",
            "unitPattern-count-other": "{0} GHz"
          },
          "frequency-megahertz": {
            "displayName": "MHz",
            "unitPattern-count-one": "{0} MHz",
            "unitPattern-count-other": "{0} MHz"
          },
          "frequency-kilohertz": {
            "displayName": "kHz",
            "unitPattern-count-one": "{0} kHz",
            "unitPattern-count-other": "{0} kHz"
          },
          "frequency-hertz": {
            "displayName": "Hz",
            "unitPattern-count-one": "{0} Hz",
            "unitPattern-count-other": "{0} Hz"
          },
          "length-kilometer": {
            "displayName": "km",
            "unitPattern-count-one": "{0} km",
            "unitPattern-count-other": "{0} km",
            "perUnitPattern": "{0}/km"
          },
          "length-meter": {
            "displayName": "meter",
            "unitPattern-count-one": "{0} m",
            "unitPattern-count-other": "{0} m",
            "perUnitPattern": "{0}/m"
          },
          "length-decimeter": {
            "displayName": "dm",
            "unitPattern-count-one": "{0} dm",
            "unitPattern-count-other": "{0} dm"
          },
          "length-centimeter": {
            "displayName": "cm",
            "unitPattern-count-one": "{0} cm",
            "unitPattern-count-other": "{0} cm",
            "perUnitPattern": "{0}/cm"
          },
          "length-millimeter": {
            "displayName": "mm",
            "unitPattern-count-one": "{0} mm",
            "unitPattern-count-other": "{0} mm"
          },
          "length-micrometer": {
            "displayName": "µm",
            "unitPattern-count-one": "{0} µm",
            "unitPattern-count-other": "{0} µm"
          },
          "length-nanometer": {
            "displayName": "nm",
            "unitPattern-count-one": "{0} nm",
            "unitPattern-count-other": "{0} nm"
          },
          "length-picometer": {
            "displayName": "pm",
            "unitPattern-count-one": "{0}pm",
            "unitPattern-count-other": "{0}pm"
          },
          "length-mile": {
            "displayName": "myl",
            "unitPattern-count-one": "{0} myl",
            "unitPattern-count-other": "{0} myl"
          },
          "length-yard": {
            "displayName": "jaart",
            "unitPattern-count-one": "{0} jt.",
            "unitPattern-count-other": "{0} jt."
          },
          "length-foot": {
            "displayName": "voet",
            "unitPattern-count-one": "{0} vt.",
            "unitPattern-count-other": "{0} vt.",
            "perUnitPattern": "{0}/vt."
          },
          "length-inch": {
            "displayName": "duim",
            "unitPattern-count-one": "{0} duim",
            "unitPattern-count-other": "{0} duim",
            "perUnitPattern": "{0}/duim"
          },
          "length-parsec": {
            "displayName": "parsek",
            "unitPattern-count-one": "{0} pc",
            "unitPattern-count-other": "{0} pc"
          },
          "length-light-year": {
            "displayName": "ligjare",
            "unitPattern-count-one": "{0} lj",
            "unitPattern-count-other": "{0} lj"
          },
          "length-astronomical-unit": {
            "displayName": "AE",
            "unitPattern-count-one": "{0} AE",
            "unitPattern-count-other": "{0} AE"
          },
          "length-furlong": {
            "displayName": "fur",
            "unitPattern-count-other": "{0} fur"
          },
          "length-fathom": {
            "displayName": "fm",
            "unitPattern-count-other": "{0} fm"
          },
          "length-nautical-mile": {
            "displayName": "sm.",
            "unitPattern-count-one": "{0} sm.",
            "unitPattern-count-other": "{0} sm."
          },
          "length-mile-scandinavian": {
            "displayName": "smi",
            "unitPattern-count-one": "{0} smi",
            "unitPattern-count-other": "{0} smi"
          },
          "length-point": {
            "displayName": "pt",
            "unitPattern-count-other": "{0} pt"
          },
          "light-lux": {
            "displayName": "lux",
            "unitPattern-count-one": "{0} lux",
            "unitPattern-count-other": "{0} lux"
          },
          "mass-metric-ton": {
            "displayName": "t",
            "unitPattern-count-one": "{0} t",
            "unitPattern-count-other": "{0} t"
          },
          "mass-kilogram": {
            "displayName": "kg",
            "unitPattern-count-one": "{0} kg",
            "unitPattern-count-other": "{0} kg",
            "perUnitPattern": "{0}/kg"
          },
          "mass-gram": {
            "displayName": "gram",
            "unitPattern-count-one": "{0} g",
            "unitPattern-count-other": "{0} g",
            "perUnitPattern": "{0}/g"
          },
          "mass-milligram": {
            "displayName": "mg",
            "unitPattern-count-one": "{0} mg",
            "unitPattern-count-other": "{0} mg"
          },
          "mass-microgram": {
            "displayName": "µg",
            "unitPattern-count-one": "{0} µg",
            "unitPattern-count-other": "{0} µg"
          },
          "mass-ton": {
            "displayName": "ton",
            "unitPattern-count-one": "{0} tn",
            "unitPattern-count-other": "{0} tn"
          },
          "mass-stone": {
            "displayName": "st",
            "unitPattern-count-other": "{0} st"
          },
          "mass-pound": {
            "displayName": "lb.",
            "unitPattern-count-one": "{0} lb.",
            "unitPattern-count-other": "{0} lb.",
            "perUnitPattern": "{0}/lb"
          },
          "mass-ounce": {
            "displayName": "oz.",
            "unitPattern-count-one": "{0} oz.",
            "unitPattern-count-other": "{0} oz.",
            "perUnitPattern": "{0}/oz."
          },
          "mass-ounce-troy": {
            "displayName": "troy-ons",
            "unitPattern-count-one": "{0} oz t",
            "unitPattern-count-other": "{0} oz t"
          },
          "mass-carat": {
            "displayName": "karaat",
            "unitPattern-count-one": "{0} kar.",
            "unitPattern-count-other": "{0} kar."
          },
          "power-gigawatt": {
            "displayName": "GW",
            "unitPattern-count-one": "{0} GW",
            "unitPattern-count-other": "{0} GW"
          },
          "power-megawatt": {
            "displayName": "MW",
            "unitPattern-count-one": "{0} MW",
            "unitPattern-count-other": "{0} MW"
          },
          "power-kilowatt": {
            "displayName": "kilowatt",
            "unitPattern-count-one": "{0}kW",
            "unitPattern-count-other": "{0}kW"
          },
          "power-watt": {
            "displayName": "watt",
            "unitPattern-count-one": "{0}W",
            "unitPattern-count-other": "{0}W"
          },
          "power-milliwatt": {
            "displayName": "mW",
            "unitPattern-count-one": "{0} mW",
            "unitPattern-count-other": "{0} mW"
          },
          "power-horsepower": {
            "displayName": "perdekrag",
            "unitPattern-count-one": "{0}pk.",
            "unitPattern-count-other": "{0}pk."
          },
          "pressure-hectopascal": {
            "displayName": "hPa",
            "unitPattern-count-one": "{0}hPa",
            "unitPattern-count-other": "{0}hPa"
          },
          "pressure-millimeter-of-mercury": {
            "displayName": "mm Hg",
            "unitPattern-count-one": "{0} mm Hg",
            "unitPattern-count-other": "{0} mm Hg"
          },
          "pressure-pound-per-square-inch": {
            "displayName": "pond per vierkante duim",
            "unitPattern-count-one": "{0} pd.vk.dm.",
            "unitPattern-count-other": "{0} pd.vk.dm."
          },
          "pressure-inch-hg": {
            "displayName": "duim kwik",
            "unitPattern-count-one": "{0} dm.Hg",
            "unitPattern-count-other": "{0} dm.Hg"
          },
          "pressure-millibar": {
            "displayName": "millibar",
            "unitPattern-count-one": "{0}mbar",
            "unitPattern-count-other": "{0} mbar"
          },
          "speed-kilometer-per-hour": {
            "displayName": "km/h",
            "unitPattern-count-one": "{0} km/h",
            "unitPattern-count-other": "{0} km/h"
          },
          "speed-meter-per-second": {
            "displayName": "meter per sekonde",
            "unitPattern-count-one": "{0}m/s",
            "unitPattern-count-other": "{0}m/s"
          },
          "speed-mile-per-hour": {
            "displayName": "myl per uur",
            "unitPattern-count-one": "{0} myl/h",
            "unitPattern-count-other": "{0} myl/h"
          },
          "speed-knot": {
            "displayName": "kn.",
            "unitPattern-count-one": "{0} kn.",
            "unitPattern-count-other": "{0} kn."
          },
          "temperature-generic": {
            "displayName": "°",
            "unitPattern-count-one": "{0}°",
            "unitPattern-count-other": "{0}°"
          },
          "temperature-celsius": {
            "displayName": "°C",
            "unitPattern-count-one": "{0} °C",
            "unitPattern-count-other": "{0} °C"
          },
          "temperature-fahrenheit": {
            "displayName": "grade Fahrenheit",
            "unitPattern-count-one": "{0}°F",
            "unitPattern-count-other": "{0}°F"
          },
          "temperature-kelvin": {
            "displayName": "K",
            "unitPattern-count-one": "{0} K",
            "unitPattern-count-other": "{0} K"
          },
          "volume-cubic-kilometer": {
            "displayName": "km³",
            "unitPattern-count-one": "{0}km³",
            "unitPattern-count-other": "{0}km³"
          },
          "volume-cubic-meter": {
            "displayName": "m³",
            "unitPattern-count-one": "{0} m³",
            "unitPattern-count-other": "{0} m³",
            "perUnitPattern": "{0}/m³"
          },
          "volume-cubic-centimeter": {
            "displayName": "cm³",
            "unitPattern-count-one": "{0} cm³",
            "unitPattern-count-other": "{0} cm³",
            "perUnitPattern": "{0}/cm³"
          },
          "volume-cubic-mile": {
            "displayName": "myl³",
            "unitPattern-count-one": "{0} myl³",
            "unitPattern-count-other": "{0} myl³"
          },
          "volume-cubic-yard": {
            "displayName": "jt.³",
            "unitPattern-count-one": "{0} jt.³",
            "unitPattern-count-other": "{0} jt.³"
          },
          "volume-cubic-foot": {
            "displayName": "ft³",
            "unitPattern-count-one": "{0} ft³",
            "unitPattern-count-other": "{0} ft³"
          },
          "volume-cubic-inch": {
            "displayName": "duim³",
            "unitPattern-count-one": "{0} dm.³",
            "unitPattern-count-other": "{0} dm.³"
          },
          "volume-megaliter": {
            "displayName": "Mℓ",
            "unitPattern-count-one": "{0} Mℓ",
            "unitPattern-count-other": "{0} Mℓ"
          },
          "volume-hectoliter": {
            "displayName": "hℓ",
            "unitPattern-count-one": "{0} hℓ",
            "unitPattern-count-other": "{0} hℓ"
          },
          "volume-liter": {
            "displayName": "liter",
            "unitPattern-count-one": "{0} ℓ",
            "unitPattern-count-other": "{0} ℓ",
            "perUnitPattern": "{0}/ℓ"
          },
          "volume-deciliter": {
            "displayName": "dℓ",
            "unitPattern-count-one": "{0} dℓ",
            "unitPattern-count-other": "{0} dℓ"
          },
          "volume-centiliter": {
            "displayName": "cℓ",
            "unitPattern-count-one": "{0} cℓ",
            "unitPattern-count-other": "{0} cℓ"
          },
          "volume-milliliter": {
            "displayName": "mℓ",
            "unitPattern-count-one": "{0} mℓ",
            "unitPattern-count-other": "{0} mℓ"
          },
          "volume-pint-metric": {
            "displayName": "mpt.",
            "unitPattern-count-one": "{0} mpt.",
            "unitPattern-count-other": "{0} mpt."
          },
          "volume-cup-metric": {
            "displayName": "mkp.",
            "unitPattern-count-one": "{0} mkp.",
            "unitPattern-count-other": "{0} mkp."
          },
          "volume-acre-foot": {
            "displayName": "akkervoet",
            "unitPattern-count-one": "{0} ak.vt.",
            "unitPattern-count-other": "{0} ak.vt."
          },
          "volume-bushel": {
            "displayName": "bu",
            "unitPattern-count-other": "{0} bu"
          },
          "volume-gallon": {
            "displayName": "gell.",
            "unitPattern-count-one": "{0} gell.",
            "unitPattern-count-other": "{0} gell.",
            "perUnitPattern": "{0}/gell."
          },
          "volume-gallon-imperial": {
            "displayName": "imp. gel.",
            "unitPattern-count-one": "{0} imp. gel.",
            "unitPattern-count-other": "{0} imp. gel.",
            "perUnitPattern": "{0}/imp. gel."
          },
          "volume-quart": {
            "displayName": "kw.",
            "unitPattern-count-one": "{0} kw.",
            "unitPattern-count-other": "{0} kw."
          },
          "volume-pint": {
            "displayName": "pinte",
            "unitPattern-count-one": "{0} pt.",
            "unitPattern-count-other": "{0} pt."
          },
          "volume-cup": {
            "displayName": "koppie",
            "unitPattern-count-one": "{0} kp.",
            "unitPattern-count-other": "{0} kp."
          },
          "volume-fluid-ounce": {
            "displayName": "vloz.",
            "unitPattern-count-one": "{0} vloz.",
            "unitPattern-count-other": "{0} vloz."
          },
          "volume-tablespoon": {
            "displayName": "eetl.",
            "unitPattern-count-one": "{0} e.",
            "unitPattern-count-other": "{0} e."
          },
          "volume-teaspoon": {
            "displayName": "teel.",
            "unitPattern-count-one": "{0} teel.",
            "unitPattern-count-other": "{0} teel."
          },
          "coordinateUnit": {
            "east": "{0}O",
            "north": "{0}N",
            "south": "{0}S",
            "west": "{0}W"
          }
        },
        "durationUnit-type-hm": {
          "durationUnitPattern": "hh:mm"
        },
        "durationUnit-type-hms": {
          "durationUnitPattern": "hh:mm:ss"
        },
        "durationUnit-type-ms": {
          "durationUnitPattern": "mm:ss"
        }
      }
    }
  }
}
