{
  "main": {
    "ar-BH": {
      "identity": {
        "version": {
          "_number": "$Revision: 13133 $",
          "_cldrVersion": "31.0.1"
        },
        "language": "ar",
        "territory": "BH"
      },
      "dates": {
        "calendars": {
          "coptic": {
            "months": {
              "format": {
                "abbreviated": {
                  "1": "توت",
                  "2": "بابه",
                  "3": "هاتور",
                  "4": "كيهك",
                  "5": "طوبة",
                  "6": "أمشير",
                  "7": "برمهات",
                  "8": "برمودة",
                  "9": "بشنس",
                  "10": "بؤونة",
                  "11": "أبيب",
                  "12": "مسرى",
                  "13": "نسيئ"
                },
                "narrow": {
                  "1": "١",
                  "2": "٢",
                  "3": "٣",
                  "4": "٤",
                  "5": "٥",
                  "6": "٦",
                  "7": "٧",
                  "8": "٨",
                  "9": "٩",
                  "10": "١٠",
                  "11": "١١",
                  "12": "١٢",
                  "13": "١٣"
                },
                "wide": {
                  "1": "توت",
                  "2": "بابه",
                  "3": "هاتور",
                  "4": "كيهك",
                  "5": "طوبة",
                  "6": "أمشير",
                  "7": "برمهات",
                  "8": "برمودة",
                  "9": "بشنس",
                  "10": "بؤونة",
                  "11": "أبيب",
                  "12": "مسرى",
                  "13": "نسيئ"
                }
              },
              "stand-alone": {
                "abbreviated": {
                  "1": "توت",
                  "2": "بابه",
                  "3": "هاتور",
                  "4": "كيهك",
                  "5": "طوبة",
                  "6": "أمشير",
                  "7": "برمهات",
                  "8": "برمودة",
                  "9": "بشنس",
                  "10": "بؤونة",
                  "11": "أبيب",
                  "12": "مسرى",
                  "13": "نسيئ"
                },
                "narrow": {
                  "1": "١",
                  "2": "٢",
                  "3": "٣",
                  "4": "٤",
                  "5": "٥",
                  "6": "٦",
                  "7": "٧",
                  "8": "٨",
                  "9": "٩",
                  "10": "١٠",
                  "11": "١١",
                  "12": "١٢",
                  "13": "١٣"
                },
                "wide": {
                  "1": "توت",
                  "2": "بابه",
                  "3": "هاتور",
                  "4": "كيهك",
                  "5": "طوبة",
                  "6": "أمشير",
                  "7": "برمهات",
                  "8": "برمودة",
                  "9": "بشنس",
                  "10": "بؤونة",
                  "11": "أبيب",
                  "12": "مسرى",
                  "13": "نسيئ"
                }
              }
            },
            "days": {
              "format": {
                "abbreviated": {
                  "sun": "الأحد",
                  "mon": "الاثنين",
                  "tue": "الثلاثاء",
                  "wed": "الأربعاء",
                  "thu": "الخميس",
                  "fri": "الجمعة",
                  "sat": "السبت"
                },
                "narrow": {
                  "sun": "ح",
                  "mon": "ن",
                  "tue": "ث",
                  "wed": "ر",
                  "thu": "خ",
                  "fri": "ج",
                  "sat": "س"
                },
                "short": {
                  "sun": "الأحد",
                  "mon": "الاثنين",
                  "tue": "الثلاثاء",
                  "wed": "الأربعاء",
                  "thu": "الخميس",
                  "fri": "الجمعة",
                  "sat": "السبت"
                },
                "wide": {
                  "sun": "الأحد",
                  "mon": "الاثنين",
                  "tue": "الثلاثاء",
                  "wed": "الأربعاء",
                  "thu": "الخميس",
                  "fri": "الجمعة",
                  "sat": "السبت"
                }
              },
              "stand-alone": {
                "abbreviated": {
                  "sun": "الأحد",
                  "mon": "الاثنين",
                  "tue": "الثلاثاء",
                  "wed": "الأربعاء",
                  "thu": "الخميس",
                  "fri": "الجمعة",
                  "sat": "السبت"
                },
                "narrow": {
                  "sun": "ح",
                  "mon": "ن",
                  "tue": "ث",
                  "wed": "ر",
                  "thu": "خ",
                  "fri": "ج",
                  "sat": "س"
                },
                "short": {
                  "sun": "الأحد",
                  "mon": "الاثنين",
                  "tue": "الثلاثاء",
                  "wed": "الأربعاء",
                  "thu": "الخميس",
                  "fri": "الجمعة",
                  "sat": "السبت"
                },
                "wide": {
                  "sun": "الأحد",
                  "mon": "الاثنين",
                  "tue": "الثلاثاء",
                  "wed": "الأربعاء",
                  "thu": "الخميس",
                  "fri": "الجمعة",
                  "sat": "السبت"
                }
              }
            },
            "quarters": {
              "format": {
                "abbreviated": {
                  "1": "الربع الأول",
                  "2": "الربع الثاني",
                  "3": "الربع الثالث",
                  "4": "الربع الرابع"
                },
                "narrow": {
                  "1": "١",
                  "2": "٢",
                  "3": "٣",
                  "4": "٤"
                },
                "wide": {
                  "1": "الربع الأول",
                  "2": "الربع الثاني",
                  "3": "الربع الثالث",
                  "4": "الربع الرابع"
                }
              },
              "stand-alone": {
                "abbreviated": {
                  "1": "الربع الأول",
                  "2": "الربع الثاني",
                  "3": "الربع الثالث",
                  "4": "الربع الرابع"
                },
                "narrow": {
                  "1": "١",
                  "2": "٢",
                  "3": "٣",
                  "4": "٤"
                },
                "wide": {
                  "1": "الربع الأول",
                  "2": "الربع الثاني",
                  "3": "الربع الثالث",
                  "4": "الربع الرابع"
                }
              }
            },
            "dayPeriods": {
              "format": {
                "abbreviated": {
                  "am": "ص",
                  "pm": "م",
                  "morning1": "فجرا",
                  "morning2": "ص",
                  "afternoon1": "ظهرًا",
                  "afternoon2": "بعد الظهر",
                  "evening1": "مساءً",
                  "night1": "منتصف الليل",
                  "night2": "ل"
                },
                "narrow": {
                  "am": "ص",
                  "pm": "م",
                  "morning1": "فجرًا",
                  "morning2": "صباحًا",
                  "afternoon1": "ظهرًا",
                  "afternoon2": "بعد الظهر",
                  "evening1": "مساءً",
                  "night1": "منتصف الليل",
                  "night2": "ليلاً"
                },
                "wide": {
                  "am": "ص",
                  "pm": "م",
                  "morning1": "فجرًا",
                  "morning2": "صباحًا",
                  "afternoon1": "ظهرًا",
                  "afternoon2": "بعد الظهر",
                  "evening1": "مساءً",
                  "night1": "منتصف الليل",
                  "night2": "ليلاً"
                }
              },
              "stand-alone": {
                "abbreviated": {
                  "am": "ص",
                  "pm": "م",
                  "morning1": "فجرا",
                  "morning2": "ص",
                  "afternoon1": "ظهرًا",
                  "afternoon2": "بعد الظهر",
                  "evening1": "مساءً",
                  "night1": "منتصف الليل",
                  "night2": "ليلاً"
                },
                "narrow": {
                  "am": "ص",
                  "pm": "م",
                  "morning1": "فجرا",
                  "morning2": "صباحًا",
                  "afternoon1": "ظهرًا",
                  "afternoon2": "بعد الظهر",
                  "evening1": "مساءً",
                  "night1": "منتصف الليل",
                  "night2": "ليلاً"
                },
                "wide": {
                  "am": "صباحًا",
                  "pm": "مساءً",
                  "morning1": "فجرًا",
                  "morning2": "صباحًا",
                  "afternoon1": "ظهرًا",
                  "afternoon2": "بعد الظهر",
                  "evening1": "مساءً",
                  "night1": "منتصف الليل",
                  "night2": "ليلاً"
                }
              }
            },
            "eras": {
              "eraNames": {
                "0": "ERA0",
                "1": "ERA1"
              },
              "eraAbbr": {
                "0": "ERA0",
                "1": "ERA1"
              },
              "eraNarrow": {
                "0": "ERA0",
                "1": "ERA1"
              }
            },
            "dateFormats": {
              "full": "EEEE، d MMMM، y G",
              "long": "d MMMM، y G",
              "medium": "dd‏/MM‏/y G",
              "short": "d‏/M‏/y GGGGG"
            },
            "timeFormats": {
              "full": "h:mm:ss a zzzz",
              "long": "h:mm:ss a z",
              "medium": "h:mm:ss a",
              "short": "h:mm a"
            },
            "dateTimeFormats": {
              "full": "{1} {0}",
              "long": "{1} {0}",
              "medium": "{1} {0}",
              "short": "{1} {0}",
              "availableFormats": {
                "d": "d",
                "E": "ccc",
                "Ed": "E، d",
                "Ehm": "E h:mm a",
                "EHm": "E HH:mm",
                "Ehms": "E h:mm:ss a",
                "EHms": "E HH:mm:ss",
                "Gy": "y G",
                "GyMMM": "MMM y G",
                "GyMMMd": "d MMM، y G",
                "GyMMMEd": "E، d MMM، y G",
                "h": "h a",
                "H": "HH",
                "hm": "h:mm a",
                "Hm": "HH:mm",
                "hms": "h:mm:ss a",
                "Hms": "HH:mm:ss",
                "M": "L",
                "Md": "d/‏M",
                "MEd": "E، d/M",
                "MMM": "LLL",
                "MMMd": "d MMM",
                "MMMEd": "E، d MMM",
                "MMMMd": "d MMMM",
                "ms": "mm:ss",
                "y": "y G",
                "yyyy": "y G",
                "yyyyM": "M‏/y G",
                "yyyyMd": "d‏/M‏/y G",
                "yyyyMEd": "E، d/‏M/‏y G",
                "yyyyMMM": "MMM، y G",
                "yyyyMMMd": "d MMM، y G",
                "yyyyMMMEd": "E، d MMM، y G",
                "yyyyMMMM": "MMMM، y G",
                "yyyyQQQ": "QQQ y G",
                "yyyyQQQQ": "QQQQ y G"
              },
              "appendItems": {
                "Day": "{0} ({2}: {1})",
                "Day-Of-Week": "{0} {1}",
                "Era": "{1} {0}",
                "Hour": "{0} ({2}: {1})",
                "Minute": "{0} ({2}: {1})",
                "Month": "{0} ({2}: {1})",
                "Quarter": "{0} ({2}: {1})",
                "Second": "{0} ({2}: {1})",
                "Timezone": "{0} {1}",
                "Week": "{0} ({2}: {1})",
                "Year": "{1} {0}"
              },
              "intervalFormats": {
                "intervalFormatFallback": "{0} – {1}",
                "d": {
                  "d": "d–d"
                },
                "h": {
                  "a": "h a – h a",
                  "h": "h–h a"
                },
                "H": {
                  "H": "HH–HH"
                },
                "hm": {
                  "a": "h:mm a – h:mm a",
                  "h": "h:mm–h:mm a",
                  "m": "h:mm–h:mm a"
                },
                "Hm": {
                  "H": "HH:mm–HH:mm",
                  "m": "HH:mm–HH:mm"
                },
                "hmv": {
                  "a": "h:mm a – h:mm a v",
                  "h": "h:mm–h:mm a v",
                  "m": "h:mm–h:mm a v"
                },
                "Hmv": {
                  "H": "HH:mm–HH:mm v",
                  "m": "HH:mm–HH:mm v"
                },
                "hv": {
                  "a": "h a – h a v",
                  "h": "h–h a v"
                },
                "Hv": {
                  "H": "HH–HH v"
                },
                "M": {
                  "M": "M–M"
                },
                "Md": {
                  "d": "M/d – M/d",
                  "M": "M/d – M/d"
                },
                "MEd": {
                  "d": "E، d/‏M –‏ E، d/‏M",
                  "M": "E، d/‏M – E، d/‏M"
                },
                "MMM": {
                  "M": "MMM–MMM"
                },
                "MMMd": {
                  "d": "MMM d–d",
                  "M": "d MMM – d MMM"
                },
                "MMMEd": {
                  "d": "E، d – E، d MMM",
                  "M": "E، d MMM – E، d MMM"
                },
                "MMMM": {
                  "M": "LLLL–LLLL"
                },
                "y": {
                  "y": "y–y G"
                },
                "yM": {
                  "M": "M‏/y – M‏/y G",
                  "y": "M‏/y – M‏/y G"
                },
                "yMd": {
                  "d": "d‏/M‏/y – d‏/M‏/y G",
                  "M": "d‏/M‏/y – d‏/M‏/y G",
                  "y": "d‏/M‏/y – d‏/M‏/y G"
                },
                "yMEd": {
                  "d": "E، dd‏/MM‏/y – E، dd‏/MM‏/y G",
                  "M": "E، d‏/M‏/y – E، d‏/M‏/y G",
                  "y": "E، d‏/M‏/y – E، d‏/M‏/y G"
                },
                "yMMM": {
                  "M": "MMM – MMM، y G",
                  "y": "MMM، y – MMM، y G"
                },
                "yMMMd": {
                  "d": "d–d MMM، y G",
                  "M": "d MMM – d MMM، y G",
                  "y": "d MMM، y – d MMM، y G"
                },
                "yMMMEd": {
                  "d": "E، d – E، d MMM، y G",
                  "M": "E، d MMM – E، d MMM، y G",
                  "y": "E، d MMM، y – E، d MMM، y G"
                },
                "yMMMM": {
                  "M": "MMMM – MMMM، y G",
                  "y": "MMMM، y – MMMM، y G"
                }
              }
            }
          }
        }
      }
    }
  }
}
