{
  "main": {
    "am": {
      "identity": {
        "version": {
          "_number": "$Revision: 13259 $",
          "_cldrVersion": "31.0.1"
        },
        "language": "am"
      },
      "localeDisplayNames": {
        "languages": {
          "aa": "አፋርኛ",
          "ab": "አብሐዚኛ",
          "ace": "አቻይንኛ",
          "ach": "አኮሊኛ",
          "ada": "አዳንግሜ",
          "ady": "አድይግሄ",
          "ae": "አቬስታን",
          "af": "አፍሪካንኛ",
          "afh": "አፍሪሂሊ",
          "agq": "አገም",
          "ain": "አይኑ",
          "ak": "አካንኛ",
          "akk": "አካዲያን",
          "akz": "አላባማ",
          "ale": "አልዩት",
          "alt": "ደቡባዊ አልታይ",
          "am": "አማርኛ",
          "an": "አራጎንስ",
          "anp": "አንጊካ",
          "ar": "ዓረብኛ",
          "ar-001": "ዘመናዊ መደበኛ ዓረብኛ",
          "arc": "አራማይክ",
          "arn": "ማፑቼ",
          "aro": "አራኦና",
          "arp": "አራፓሆ",
          "arq": "የአልጄሪያ ዓረብኛ",
          "arw": "አራዋክ",
          "as": "አሳሜዛዊ",
          "asa": "አሱ",
          "ase": "የአሜሪካ የምልክት ቋንቋ",
          "ast": "አውስትሪያን",
          "av": "አቫሪክ",
          "awa": "አዋድሂ",
          "ay": "አያማርኛ",
          "az": "አዘርባጃንኛ",
          "az-alt-short": "አዜሪ",
          "ba": "ባስኪርኛ",
          "bal": "ባሉቺ",
          "ban": "ባሊኔስ",
          "bar": "ባቫሪያን",
          "bas": "ባሳ",
          "bax": "ባሙን",
          "bbc": "ባታካ ቶባ",
          "be": "ቤላራሻኛ",
          "bej": "ቤጃ",
          "bem": "ቤምባ",
          "bew": "ቤታዊ",
          "bez": "ቤና",
          "bfd": "ባፉት",
          "bfq": "ባዳጋ",
          "bg": "ቡልጋሪኛ",
          "bgn": "የምዕራብ ባሎቺ",
          "bho": "ቦጁሪ",
          "bi": "ቢስላምኛ",
          "bik": "ቢኮል",
          "bin": "ቢኒ",
          "bjn": "ባንጃር",
          "bla": "ሲክሲካ",
          "bm": "ባምባርኛ",
          "bn": "ቤንጋሊኛ",
          "bo": "ቲቤታንኛ",
          "bpy": "ቢሹንፑሪያ",
          "bqi": "ባክህቲያሪ",
          "br": "ብሬቶንኛ",
          "bra": "ብራጅ",
          "brh": "ብራሁዪ",
          "brx": "ቦዶ",
          "bs": "ቦስኒያንኛ",
          "bss": "አኮስ",
          "bua": "ቡሪያት",
          "bug": "ቡጊኔዝ",
          "bum": "ቡሉ",
          "byn": "ብሊን",
          "ca": "ካታላንኛ",
          "cad": "ካዶ",
          "car": "ካሪብ",
          "cay": "ካዩጋ",
          "cch": "አትሳም",
          "ce": "ችችን",
          "ceb": "ካቡዋኖ",
          "cgg": "ቺጋኛ",
          "ch": "ቻሞሮ",
          "chb": "ቺብቻ",
          "chg": "ቻጋታይ",
          "chk": "ቹክስ",
          "chm": "ማሪ",
          "chn": "ቺኑክ ጃርጎን",
          "cho": "ቾክታዋ",
          "chp": "ቺፔውያን",
          "chr": "ቼሮኬኛ",
          "chy": "ችዬኔ",
          "ckb": "የሶራኒ ኩርድኛ",
          "co": "ኮርሲካኛ",
          "cop": "ኮፕቲክ",
          "cps": "ካፒዝኖን",
          "cr": "ክሪ",
          "crh": "ክሪሚያን ተርኪሽ",
          "crs": "ሰሰላዊ ክሬኦሊ ፈረንሳይኛ",
          "cs": "ቼክኛ",
          "cu": "ቸርች ስላቪክ",
          "cv": "ቹቫሽ",
          "cy": "ወልሽ",
          "da": "ዴኒሽ",
          "dak": "ዳኮታ",
          "dar": "ዳርግዋ",
          "dav": "ታይታኛ",
          "de": "ጀርመን",
          "de-AT": "የኦስትሪያ ጀርመን",
          "de-CH": "የስዊዝ ከፍተኛ ጀርመንኛ",
          "del": "ዳላዌር",
          "dgr": "ዶግሪብ",
          "din": "ዲንካ",
          "dje": "ዛርማኛ",
          "doi": "ዶግሪ",
          "dsb": "የታችኛው ሰርቢያንኛ",
          "dtp": "ሴንተራል ዱሰን",
          "dua": "ዱዋላኛ",
          "dv": "ዲቬህ",
          "dyo": "ጆላ ፎንያኛ",
          "dyu": "ድዩላ",
          "dz": "ድዞንግኻኛ",
          "dzg": "ዳዛጋ",
          "ebu": "ኢቦኛ",
          "ee": "ኢዊ",
          "efi": "ኤፊክ",
          "egy": "የጥንታዊ ግብጽኛ",
          "eka": "ኤካጁክ",
          "el": "ግሪክኛ",
          "en": "እንግሊዝኛ",
          "en-AU": "የአውስትራሊያ እንግሊዝኛ",
          "en-CA": "የካናዳ እንግሊዝኛ",
          "en-GB": "የብሪቲሽ እንግሊዝኛ",
          "en-GB-alt-short": "የዩናይትድ ኪንግደም እንግሊዝኛ",
          "en-US": "የአሜሪካ እንግሊዝኛ",
          "en-US-alt-short": "የዩ ኤስ እንግሊዝኛ",
          "eo": "ኤስፐራንቶ",
          "es": "ስፓንሽኛ",
          "es-419": "የላቲን አሜሪካ ስፓኒሽ",
          "es-ES": "የአውሮፓ ስፓንሽኛ",
          "es-MX": "የሜክሲኮ ስፓንሽኛ",
          "esu": "ሴንተራል ዩፒክ",
          "et": "ኢስቶኒያንኛ",
          "eu": "ባስክኛ",
          "ewo": "ኤዎንዶ",
          "fa": "ፐርሺያኛ",
          "ff": "ፉላህ",
          "fi": "ፊኒሽ",
          "fil": "ፊሊፒንኛ",
          "fj": "ፊጂኛ",
          "fo": "ፋሮኛ",
          "fon": "ፎን",
          "fr": "ፈረንሳይኛ",
          "fr-CA": "የካናዳ ፈረንሳይኛ",
          "fr-CH": "የስዊዝ ፈረንሳይኛ",
          "frc": "ካጁን ፍሬንች",
          "frp": "አርፒታን",
          "fur": "ፍሩሊያን",
          "fy": "የምዕራብ ፍሪስኛ",
          "ga": "አይሪሽ",
          "gaa": "ጋ",
          "gag": "ጋጉዝኛ",
          "gan": "ጋን ቻይንኛ",
          "gd": "የስኮቲሽ ጌልክኛ",
          "gez": "ግዕዝኛ",
          "gil": "ጅልበርትስ",
          "gl": "ጋሊሺያ",
          "gn": "ጓራኒኛ",
          "gor": "ጎሮንታሎ",
          "grc": "የጥንታዊ ግሪክ",
          "gsw": "የስዊዝ ጀርመን",
          "gu": "ጉጃርቲኛ",
          "guz": "ጉስሊኛ",
          "gv": "ማንክስኛ",
          "gwi": "ግዊቺን",
          "ha": "ሃውሳኛ",
          "hak": "ሃካ ቻይንኛ",
          "haw": "ሃዊያኛ",
          "he": "ዕብራስጥ",
          "hi": "ሒንዱኛ",
          "hil": "ሂሊጋይኖን",
          "hmn": "ህሞንግ",
          "hr": "ክሮሽያንኛ",
          "hsb": "የላይኛው ሶርቢያንኛ",
          "hsn": "ዢያንግ ቻይንኛ",
          "ht": "ሃይትኛ",
          "hu": "ሀንጋሪኛ",
          "hup": "ሁፓ",
          "hy": "አርመናዊ",
          "hz": "ሄሬሮ",
          "ia": "ኢንቴርሊንጓ",
          "iba": "ኢባን",
          "ibb": "ኢቢቦ",
          "id": "ኢንዶኔዥኛ",
          "ie": "እንተርሊንግወ",
          "ig": "ኢግቦኛ",
          "ii": "ሲቹንዪኛ",
          "ik": "እኑፒያቅኛ",
          "ilo": "ኢሎኮ",
          "inh": "ኢንጉሽ",
          "io": "ኢዶ",
          "is": "አይስላንድኛ",
          "it": "ጣሊያንኛ",
          "iu": "እኑክቲቱትኛ",
          "ja": "ጃፓንኛ",
          "jbo": "ሎጅባን",
          "jgo": "ንጎባኛ",
          "jmc": "ማቻሜኛ",
          "jv": "ጃቫንኛ",
          "ka": "ጆርጂያን",
          "kab": "ካብይል",
          "kac": "ካቺን",
          "kaj": "ካጅ",
          "kam": "ካምባ",
          "kbd": "ካባርዲያን",
          "kcg": "ታያፕ",
          "kde": "ማኮንዴ",
          "kea": "ካቡቨርዲያኑ",
          "kfo": "ኮሮ",
          "kg": "ኮንጎኛ",
          "kha": "ክሃሲ",
          "khq": "ኮይራ ቺኒ",
          "ki": "ኪኩዩ",
          "kj": "ኩንያማ",
          "kk": "ካዛክኛ",
          "kkj": "ካኮ",
          "kl": "ካላሊሱትኛ",
          "kln": "ካለንጂን",
          "km": "ክህመርኛ",
          "kmb": "ኪምቡንዱ",
          "kn": "ካናዳኛ",
          "ko": "ኮሪያኛ",
          "koi": "ኮሚ ፔርምያክ",
          "kok": "ኮንካኒ",
          "kpe": "ክፔሌ",
          "kr": "ካኑሪ",
          "krc": "ካራቻይ-ባልካር",
          "krl": "ካረሊኛ",
          "kru": "ኩሩክ",
          "ks": "ካሽሚርኛ",
          "ksb": "ሻምባላ",
          "ksf": "ባፊያ",
          "ksh": "ኮሎኝያን",
          "ku": "ኩርድሽኛ",
          "kum": "ኩማይክ",
          "kv": "ኮሚ",
          "kw": "ኮርኒሽ",
          "ky": "ኪርጊዝኛ",
          "la": "ላቲንኛ",
          "lad": "ላዲኖ",
          "lag": "ላንጊ",
          "lb": "ሉክዘምበርገርኛ",
          "lez": "ሌዝጊያን",
          "lg": "ጋንዳኛ",
          "li": "ሊምቡርጊሽ",
          "lkt": "ላኮታ",
          "ln": "ሊንጋላኛ",
          "lo": "ላኦስኛ",
          "loz": "ሎዚኛ",
          "lrc": "ሰሜናዊ ሉሪ",
          "lt": "ሉቴንያንኛ",
          "lu": "ሉባ ካታንጋ",
          "lua": "ሉባ-ሉሏ",
          "lun": "ሉንዳ",
          "luo": "ሉኦ",
          "lus": "ሚዞ",
          "luy": "ሉዪያ",
          "lv": "ላትቪያን",
          "mad": "ማዱረስ",
          "mag": "ማጋሂ",
          "mai": "ማይተሊ",
          "mak": "ማካሳር",
          "mas": "ማሳይ",
          "mdf": "ሞክሻ",
          "men": "ሜንዴ",
          "mer": "ሜሩ",
          "mfe": "ሞሪሲየኛ",
          "mg": "ማላጋስኛ",
          "mgh": "ማኩዋ ሜቶ",
          "mgo": "ሜታ",
          "mh": "ማርሻሌዝኛ",
          "mi": "ማኦሪኛ",
          "mic": "ሚክማክ",
          "min": "ሚናንግካባኡ",
          "mk": "ማሴዶንኛ",
          "ml": "ማላያላምኛ",
          "mn": "ሞንጎላዊኛ",
          "mni": "ማኒፑሪ",
          "moh": "ሞሃውክ",
          "mos": "ሞሲ",
          "mr": "ማራቲኛ",
          "ms": "ማላይኛ",
          "mt": "ማልቲስኛ",
          "mua": "ሙንዳንግ",
          "mul": "ባለብዙ ቋንቋዎች",
          "mus": "ክሪክ",
          "mwl": "ሚራንዴዝኛ",
          "my": "ቡርማኛ",
          "myv": "ኤርዝያ",
          "mzn": "ማዛንደራኒ",
          "na": "ናኡሩ",
          "nan": "ሚን ኛን ቻይንኛ",
          "nap": "ኒአፖሊታን",
          "naq": "ናማ",
          "nb": "የኖርዌይ ቦክማል",
          "nd": "ሰሜን ንዴብሌ",
          "nds": "የታችኛው ጀርመን",
          "nds-NL": "የታችኛው ሳክሰን",
          "ne": "ኔፓሊኛ",
          "new": "ነዋሪ",
          "ng": "ንዶንጋ",
          "nia": "ኒአስ",
          "niu": "ኒዩአንኛ",
          "njo": "ኦ ናጋ",
          "nl": "ደች",
          "nl-BE": "ፍሌሚሽ",
          "nmg": "ክዋሲዮ",
          "nn": "የኖርዌይ ናይኖርስክ",
          "nnh": "ኒጊምቡን",
          "no": "ኖርዌጂያን",
          "nog": "ኖጋይ",
          "nqo": "ንኮ",
          "nr": "ደቡብ ንደቤሌ",
          "nso": "ሰሜናዊ ሶቶ",
          "nus": "ኑዌር",
          "nv": "ናቫጆ",
          "nwc": "ክላሲክ ኔዋሪ",
          "ny": "ንያንጃ",
          "nyn": "ኒያንኮልኛ",
          "oc": "ኦኪታንኛ",
          "om": "ኦሮሞኛ",
          "or": "ኦዲያኛ",
          "os": "ኦሴቲክ",
          "pa": "ፑንጃብኛ",
          "pag": "ፓንጋሲናንኛ",
          "pam": "ፓምፓንጋ",
          "pap": "ፓፒአሜንቶ",
          "pau": "ፓላኡአን",
          "pcm": "የናይጄሪያ ፒጂን",
          "pl": "ፖሊሽኛ",
          "prg": "ፐሩሳንኛ",
          "ps": "ፓሽቶኛ",
          "ps-alt-variant": "ፑሽቶ",
          "pt": "ፖርቹጋልኛ",
          "pt-BR": "የብራዚል ፖርቹጋልኛ",
          "pt-PT": "የአውሮፓ ፖርቹጋልኛ",
          "qu": "ኵቿኛ",
          "quc": "ኪቼ",
          "qug": "ቺምቦራዞ ሃይላንድ ኩቹዋ",
          "rap": "ራፓኑኢ",
          "rar": "ራሮቶንጋ",
          "rm": "ሮማንሽ",
          "rn": "ሩንዲኛ",
          "ro": "ሮማኒያን",
          "ro-MD": "ሞልዳቪያንኛ",
          "rof": "ሮምቦ",
          "root": "ሩት",
          "ru": "ራሽያኛ",
          "rup": "አሮማንያን",
          "rw": "ኪንያርዋንድኛ",
          "rwk": "ርዋ",
          "sa": "ሳንስክሪትኛ",
          "sad": "ሳንዳዌ",
          "sah": "ሳክሃ",
          "saq": "ሳምቡሩ",
          "sat": "ሳንታሊ",
          "sba": "ንጋምባይ",
          "sbp": "ሳንጉ",
          "sc": "ሳርዲንያንኛ",
          "scn": "ሲሲሊያንኛ",
          "sco": "ስኮትስ",
          "sd": "ሲንድሂኛ",
          "sdh": "ደቡባዊ ኩርዲሽ",
          "se": "ሰሜናዊ ሳሚ",
          "seh": "ሴና",
          "ses": "ኮይራቦሮ ሴኒ",
          "sg": "ሳንጎኛ",
          "sh": "ሰርቦ-ክሮኤሽያኛ",
          "shi": "ታቼልሂት",
          "shn": "ሻን",
          "shu": "ቻዲያን ዓረብኛ",
          "si": "ሲንሃልኛ",
          "sid": "ሲዳምኛ",
          "sk": "ስሎቫክኛ",
          "sl": "ስሎቪኛ",
          "sm": "ሳሞአኛ",
          "sma": "ደቡባዊ ሳሚ",
          "smj": "ሉሌ ሳሚ",
          "smn": "ኢናሪ ሳሚ",
          "sms": "ስኮልት ሳሚ",
          "sn": "ሾናኛ",
          "snk": "ሶኒንኬ",
          "so": "ሱማልኛ",
          "sq": "አልባንያንኛ",
          "sr": "ሰርቢኛ",
          "srn": "ስራናን ቶንጎ",
          "ss": "ስዋቲኛ",
          "ssy": "ሳሆኛ",
          "st": "ደቡባዊ ሶቶ",
          "su": "ሱዳንኛ",
          "suk": "ሱኩማ",
          "sv": "ስዊድንኛ",
          "sw": "ስዋሂሊኛ",
          "sw-CD": "ኮንጎ ስዋሂሊ",
          "swb": "ኮሞሪያን",
          "syc": "ክላሲክ ኔይራ",
          "syr": "ሲሪያክ",
          "ta": "ታሚልኛ",
          "te": "ተሉጉኛ",
          "tem": "ቲምኔ",
          "teo": "ቴሶ",
          "tet": "ቴተም",
          "tg": "ታጂኪኛ",
          "th": "ታይኛ",
          "ti": "ትግርኛ",
          "tig": "ትግረ",
          "tk": "ቱርክሜንኛ",
          "tl": "ታጋሎገኛ",
          "tlh": "ክሊንጎንኛ",
          "tn": "ጽዋናዊኛ",
          "to": "ቶንጋኛ",
          "tpi": "ቶክ ፒሲን",
          "tr": "ቱርክኛ",
          "trv": "ታሮኮ",
          "ts": "ጾንጋኛ",
          "tt": "ታታርኛ",
          "tum": "ቱምቡካ",
          "tvl": "ቱቫሉ",
          "tw": "ትዊኛ",
          "twq": "ታሳዋቅ",
          "ty": "ታሂታንኛ",
          "tyv": "ቱቪንያንኛ",
          "tzm": "መካከለኛ አትላስ ታማዚግት",
          "udm": "ኡድሙርት",
          "ug": "ኡዊግሁርኛ",
          "ug-alt-variant": "ኡይገር",
          "uk": "ዩክሬንኛ",
          "umb": "ኡምቡንዱ",
          "und": "ያልታወቀ ቋንቋ",
          "ur": "ኡርዱኛ",
          "uz": "ኡዝቤክኛ",
          "vai": "ቫይ",
          "ve": "ቬንዳ",
          "vi": "ቪየትናምኛ",
          "vo": "ቮላፑክኛ",
          "vun": "ቩንጆ",
          "wa": "ዋሎን",
          "wae": "ዋልሰር",
          "wal": "ወላይትኛ",
          "war": "ዋራይ",
          "wbp": "ዋርልፒሪ",
          "wo": "ዎሎፍኛ",
          "wuu": "ዉ ቻይንኛ",
          "xal": "ካልማይክ",
          "xh": "ዞሳኛ",
          "xog": "ሶጋ",
          "yav": "ያንግቤንኛ",
          "ybb": "የምባ",
          "yi": "ይዲሽኛ",
          "yo": "ዮሩባዊኛ",
          "yue": "ካንቶኒዝ",
          "za": "ዡዋንግኛ",
          "zbl": "ብሊስይምቦልስ",
          "zgh": "መደበኛ የሞሮኮ ታማዚግት",
          "zh": "ቻይንኛ",
          "zh-Hans": "ቀለል ያለ ቻይንኛ",
          "zh-Hant": "ባህላዊ ቻይንኛ",
          "zu": "ዙሉኛ",
          "zun": "ዙኒ",
          "zxx": "ቋንቋዊ ይዘት አይደለም",
          "zza": "ዛዛ"
        }
      }
    }
  }
}
