{
  "main": {
    "am": {
      "identity": {
        "version": {
          "_number": "$Revision: 13259 $",
          "_cldrVersion": "31.0.1"
        },
        "language": "am"
      },
      "units": {
        "long": {
          "per": {
            "compoundUnitPattern": "{0} በ{1}"
          },
          "acceleration-g-force": {
            "displayName": "ጂ-ኃይል",
            "unitPattern-count-one": "{0} ጂ-ኃይል",
            "unitPattern-count-other": "{0} ጂ-ኃይል"
          },
          "acceleration-meter-per-second-squared": {
            "displayName": "ሜ/ሰ²",
            "unitPattern-count-one": "{0} ሜ/ሰ²",
            "unitPattern-count-other": "{0} ሜ/ሰ²"
          },
          "angle-revolution": {
            "displayName": "rev",
            "unitPattern-count-one": "{0} rev",
            "unitPattern-count-other": "{0} rev"
          },
          "angle-radian": {
            "displayName": "rad",
            "unitPattern-count-one": "{0} rad",
            "unitPattern-count-other": "{0} rad"
          },
          "angle-degree": {
            "displayName": "ዲግሪ",
            "unitPattern-count-one": "{0} ዲግሪ",
            "unitPattern-count-other": "{0} ዲግሪ"
          },
          "angle-arc-minute": {
            "displayName": "ደቂቃ",
            "unitPattern-count-one": "{0} ደቂቃ",
            "unitPattern-count-other": "{0} ደቂቃ"
          },
          "angle-arc-second": {
            "displayName": "ሰከንድ",
            "unitPattern-count-one": "{0} ሰከንድ",
            "unitPattern-count-other": "{0} ሰከንድ"
          },
          "area-square-kilometer": {
            "displayName": "ካሬ ኪሎሜትር",
            "unitPattern-count-one": "{0} ካሬ ኪሎሜትር",
            "unitPattern-count-other": "{0} ካሬ ኪሎሜትር",
            "perUnitPattern": "{0}/ኪሜ²"
          },
          "area-hectare": {
            "displayName": "ሄክታር",
            "unitPattern-count-one": "{0} ሄክታር",
            "unitPattern-count-other": "{0} ሄክታር"
          },
          "area-square-meter": {
            "displayName": "ካሬ ሜትር",
            "unitPattern-count-one": "{0} ካሬ ሜትር",
            "unitPattern-count-other": "{0} ካሬ ሜትር",
            "perUnitPattern": "{0}/ሜ²"
          },
          "area-square-centimeter": {
            "displayName": "ሴሜ²",
            "unitPattern-count-one": "{0} ሴሜ²",
            "unitPattern-count-other": "{0} ሴሜ²",
            "perUnitPattern": "{0}/ሴሜ²"
          },
          "area-square-mile": {
            "displayName": "ካሬ ማይል",
            "unitPattern-count-one": "{0} ካሬ ማይል",
            "unitPattern-count-other": "{0} ካሬ ማይል",
            "perUnitPattern": "{0}/ማይል²"
          },
          "area-acre": {
            "displayName": "ኤክር",
            "unitPattern-count-one": "{0} ኤክር",
            "unitPattern-count-other": "{0} ኤክር"
          },
          "area-square-yard": {
            "displayName": "yd²",
            "unitPattern-count-one": "{0} yd²",
            "unitPattern-count-other": "{0} yd²"
          },
          "area-square-foot": {
            "displayName": "ካሬ ጫማ",
            "unitPattern-count-one": "{0} ካሬ ጫማ",
            "unitPattern-count-other": "{0} ካሬ ጫማ"
          },
          "area-square-inch": {
            "displayName": "ኢንች²",
            "unitPattern-count-one": "{0} ኢንች²",
            "unitPattern-count-other": "{0} ኢንች²",
            "perUnitPattern": "{0}/ኢንች²"
          },
          "concentr-karat": {
            "displayName": "ካራት",
            "unitPattern-count-one": "{0} ካራት",
            "unitPattern-count-other": "{0} ካራት"
          },
          "concentr-milligram-per-deciliter": {
            "displayName": "mg/dL",
            "unitPattern-count-one": "{0} mg/dL",
            "unitPattern-count-other": "{0} mg/dL"
          },
          "concentr-millimole-per-liter": {
            "displayName": "mmol/L",
            "unitPattern-count-one": "{0} mmol/L",
            "unitPattern-count-other": "{0} mmol/L"
          },
          "concentr-part-per-million": {
            "displayName": "ppm",
            "unitPattern-count-one": "{0} ppm",
            "unitPattern-count-other": "{0} ppm"
          },
          "consumption-liter-per-kilometer": {
            "displayName": "ሊ/ኪሜ",
            "unitPattern-count-one": "{0} ሊ/ኪሜ",
            "unitPattern-count-other": "{0} ሊ/ኪሜ"
          },
          "consumption-liter-per-100kilometers": {
            "displayName": "ሊትሮች በ100 ኪሎሜትሮች",
            "unitPattern-count-one": "{0} ሊትር በ100 ኪሎሜትሮች",
            "unitPattern-count-other": "{0} ሊትሮች በ100 ኪሎሜትሮች"
          },
          "consumption-mile-per-gallon": {
            "displayName": "mpg",
            "unitPattern-count-one": "{0} mpg",
            "unitPattern-count-other": "{0} mpg"
          },
          "consumption-mile-per-gallon-imperial": {
            "displayName": "mpg Imp.",
            "unitPattern-count-one": "{0} mpg Imp.",
            "unitPattern-count-other": "{0} mpg Imp."
          },
          "digital-terabyte": {
            "displayName": "ቴራባይት",
            "unitPattern-count-one": "{0} ቴራባይት",
            "unitPattern-count-other": "{0} ቴራባይት"
          },
          "digital-terabit": {
            "displayName": "ቴባ",
            "unitPattern-count-one": "{0} ቴባ",
            "unitPattern-count-other": "{0} ቴባ"
          },
          "digital-gigabyte": {
            "displayName": "ጊባ",
            "unitPattern-count-one": "{0} ጊባ",
            "unitPattern-count-other": "{0} ጊባ"
          },
          "digital-gigabit": {
            "displayName": "ጊጋባይት",
            "unitPattern-count-one": "{0} ጊጋባይት",
            "unitPattern-count-other": "{0} ጊጋባይት"
          },
          "digital-megabyte": {
            "displayName": "ሜጋባይት",
            "unitPattern-count-one": "{0} ሜጋባይት",
            "unitPattern-count-other": "{0} ሜጋባይት"
          },
          "digital-megabit": {
            "displayName": "ሜባ",
            "unitPattern-count-one": "{0} ሜባ",
            "unitPattern-count-other": "{0} ሜባ"
          },
          "digital-kilobyte": {
            "displayName": "ኪባ",
            "unitPattern-count-one": "{0} ኪባ",
            "unitPattern-count-other": "{0} ኪባ"
          },
          "digital-kilobit": {
            "displayName": "ኪሎባይት",
            "unitPattern-count-one": "{0} ኪሎባይት",
            "unitPattern-count-other": "{0} ኪሎባይት"
          },
          "digital-byte": {
            "displayName": "ባይት",
            "unitPattern-count-one": "{0} ባይት",
            "unitPattern-count-other": "{0} ባይት"
          },
          "digital-bit": {
            "displayName": "ቢት",
            "unitPattern-count-one": "{0} ቢት",
            "unitPattern-count-other": "{0} ቢት"
          },
          "duration-century": {
            "displayName": "ምዕተ ዓመት",
            "unitPattern-count-one": "{0} ምዕተ ዓመት",
            "unitPattern-count-other": "{0} ምዕተ ዓመት"
          },
          "duration-year": {
            "displayName": "ዓመታት",
            "unitPattern-count-one": "{0} ዓመት",
            "unitPattern-count-other": "{0} ዓመታት",
            "perUnitPattern": "{0}/ዓ"
          },
          "duration-month": {
            "displayName": "ወራት",
            "unitPattern-count-one": "{0} ወር",
            "unitPattern-count-other": "{0} ወራት",
            "perUnitPattern": "{0}/ወ"
          },
          "duration-week": {
            "displayName": "ሳምንታት",
            "unitPattern-count-one": "{0} ሳምንት",
            "unitPattern-count-other": "{0} ሳምንታት",
            "perUnitPattern": "{0}/ሳ"
          },
          "duration-day": {
            "displayName": "ቀናት",
            "unitPattern-count-one": "{0} ቀናት",
            "unitPattern-count-other": "{0} ቀናት",
            "perUnitPattern": "{0}/ቀ"
          },
          "duration-hour": {
            "displayName": "ሰዓቶች",
            "unitPattern-count-one": "{0} ሰዓት",
            "unitPattern-count-other": "{0} ሰዓቶች",
            "perUnitPattern": "{0}/ሰ"
          },
          "duration-minute": {
            "displayName": "ደቂቃዎች",
            "unitPattern-count-one": "{0} ደቂቃ",
            "unitPattern-count-other": "{0} ደቂቃዎች",
            "perUnitPattern": "{0}/ደ"
          },
          "duration-second": {
            "displayName": "ሰከንዶች",
            "unitPattern-count-one": "{0} ሰከንድ",
            "unitPattern-count-other": "{0} ሰከንዶች",
            "perUnitPattern": "{0}/ሰከ"
          },
          "duration-millisecond": {
            "displayName": "ሚሊሰከንድ",
            "unitPattern-count-one": "{0} ሚሊሰከንድ",
            "unitPattern-count-other": "{0} ሚሊሰከንድ"
          },
          "duration-microsecond": {
            "displayName": "ማይክሮሰከንድ",
            "unitPattern-count-one": "{0} ማይክሮሰከንድ",
            "unitPattern-count-other": "{0} ማይክሮሰከንድ"
          },
          "duration-nanosecond": {
            "displayName": "ናኖሰከንድ",
            "unitPattern-count-one": "{0} ናኖሰከንድ",
            "unitPattern-count-other": "{0} ናኖሰከንድ"
          },
          "electric-ampere": {
            "displayName": "amp",
            "unitPattern-count-one": "{0} A",
            "unitPattern-count-other": "{0} A"
          },
          "electric-milliampere": {
            "displayName": "mA",
            "unitPattern-count-one": "{0} mA",
            "unitPattern-count-other": "{0} mA"
          },
          "electric-ohm": {
            "displayName": "ohm",
            "unitPattern-count-one": "{0} Ω",
            "unitPattern-count-other": "{0} Ω"
          },
          "electric-volt": {
            "displayName": "volt",
            "unitPattern-count-one": "{0} V",
            "unitPattern-count-other": "{0} V"
          },
          "energy-kilocalorie": {
            "displayName": "kcal",
            "unitPattern-count-one": "{0} kcal",
            "unitPattern-count-other": "{0} kcal"
          },
          "energy-calorie": {
            "displayName": "cal",
            "unitPattern-count-one": "{0} cal",
            "unitPattern-count-other": "{0} cal"
          },
          "energy-foodcalorie": {
            "displayName": "Cal",
            "unitPattern-count-one": "{0} Cal",
            "unitPattern-count-other": "{0} Cal"
          },
          "energy-kilojoule": {
            "displayName": "kJ",
            "unitPattern-count-one": "{0} kJ",
            "unitPattern-count-other": "{0} kJ"
          },
          "energy-joule": {
            "displayName": "joule",
            "unitPattern-count-one": "{0} J",
            "unitPattern-count-other": "{0} J"
          },
          "energy-kilowatt-hour": {
            "displayName": "kWh",
            "unitPattern-count-one": "{0} kWh",
            "unitPattern-count-other": "{0} kWh"
          },
          "frequency-gigahertz": {
            "displayName": "GHz",
            "unitPattern-count-one": "{0} GHz",
            "unitPattern-count-other": "{0} GHz"
          },
          "frequency-megahertz": {
            "displayName": "MHz",
            "unitPattern-count-one": "{0} MHz",
            "unitPattern-count-other": "{0} MHz"
          },
          "frequency-kilohertz": {
            "displayName": "kHz",
            "unitPattern-count-one": "{0} kHz",
            "unitPattern-count-other": "{0} kHz"
          },
          "frequency-hertz": {
            "displayName": "Hz",
            "unitPattern-count-one": "{0} Hz",
            "unitPattern-count-other": "{0} Hz"
          },
          "length-kilometer": {
            "displayName": "ኪሎሜትር",
            "unitPattern-count-one": "{0} ኪሎሜትር",
            "unitPattern-count-other": "{0} ኪሎሜትር",
            "perUnitPattern": "{0}/ኪሜ"
          },
          "length-meter": {
            "displayName": "ሜትር",
            "unitPattern-count-one": "{0} ሜትር",
            "unitPattern-count-other": "{0} ሜትር",
            "perUnitPattern": "{0}/ሜ"
          },
          "length-decimeter": {
            "displayName": "dm",
            "unitPattern-count-one": "{0} dm",
            "unitPattern-count-other": "{0} dm"
          },
          "length-centimeter": {
            "displayName": "ሴንቲሜትር",
            "unitPattern-count-one": "{0} ሴንቲሜትር",
            "unitPattern-count-other": "{0} ሴንቲሜትር",
            "perUnitPattern": "{0}/ሴሜ"
          },
          "length-millimeter": {
            "displayName": "ሚሊሜትር",
            "unitPattern-count-one": "{0} ሚሊሜትር",
            "unitPattern-count-other": "{0} ሚሊሜትር"
          },
          "length-micrometer": {
            "displayName": "µm",
            "unitPattern-count-one": "{0} µm",
            "unitPattern-count-other": "{0} µm"
          },
          "length-nanometer": {
            "displayName": "nm",
            "unitPattern-count-one": "{0} nm",
            "unitPattern-count-other": "{0} nm"
          },
          "length-picometer": {
            "displayName": "ፒኮሜትር",
            "unitPattern-count-one": "{0} ፒኮሜትር",
            "unitPattern-count-other": "{0} ፒኮሜትር"
          },
          "length-mile": {
            "displayName": "ማይል",
            "unitPattern-count-one": "{0} ማይል",
            "unitPattern-count-other": "{0} ማይል"
          },
          "length-yard": {
            "displayName": "ያርድ",
            "unitPattern-count-one": "{0} ያርድ",
            "unitPattern-count-other": "{0} ያርድ"
          },
          "length-foot": {
            "displayName": "ጫማ",
            "unitPattern-count-one": "{0} ጫማ",
            "unitPattern-count-other": "{0} ጫማ",
            "perUnitPattern": "{0}/ጫማ"
          },
          "length-inch": {
            "displayName": "ኢንች",
            "unitPattern-count-one": "{0} ኢንች",
            "unitPattern-count-other": "{0} ኢንች",
            "perUnitPattern": "{0}/ኢንች"
          },
          "length-parsec": {
            "displayName": "pc",
            "unitPattern-count-one": "{0} pc",
            "unitPattern-count-other": "{0} pc"
          },
          "length-light-year": {
            "displayName": "የብርሃን ዓመት",
            "unitPattern-count-one": "{0} የብርሃን ዓመት",
            "unitPattern-count-other": "{0} የብርሃን ዓመት"
          },
          "length-astronomical-unit": {
            "displayName": "au",
            "unitPattern-count-one": "{0} au",
            "unitPattern-count-other": "{0} au"
          },
          "length-furlong": {
            "displayName": "fur",
            "unitPattern-count-other": "{0} fur"
          },
          "length-fathom": {
            "displayName": "fm",
            "unitPattern-count-other": "{0} fm"
          },
          "length-nautical-mile": {
            "displayName": "nmi",
            "unitPattern-count-one": "{0} nmi",
            "unitPattern-count-other": "{0} nmi"
          },
          "length-mile-scandinavian": {
            "displayName": "ስማይል",
            "unitPattern-count-one": "{0} ስማይል",
            "unitPattern-count-other": "{0} ስማይል"
          },
          "length-point": {
            "displayName": "pt",
            "unitPattern-count-other": "{0} pt"
          },
          "light-lux": {
            "displayName": "lx",
            "unitPattern-count-one": "{0} lx",
            "unitPattern-count-other": "{0} lx"
          },
          "mass-metric-ton": {
            "displayName": "t",
            "unitPattern-count-one": "{0} t",
            "unitPattern-count-other": "{0} t"
          },
          "mass-kilogram": {
            "displayName": "ኪሎግራም",
            "unitPattern-count-one": "{0} ኪሎግራም",
            "unitPattern-count-other": "{0} ኪሎግራም",
            "perUnitPattern": "{0}/ኪሎግራም"
          },
          "mass-gram": {
            "displayName": "ግራም",
            "unitPattern-count-one": "{0} ግራም",
            "unitPattern-count-other": "{0} ግራም",
            "perUnitPattern": "{0}/ግራም"
          },
          "mass-milligram": {
            "displayName": "mg",
            "unitPattern-count-one": "{0} mg",
            "unitPattern-count-other": "{0} mg"
          },
          "mass-microgram": {
            "displayName": "µg",
            "unitPattern-count-one": "{0} µg",
            "unitPattern-count-other": "{0} µg"
          },
          "mass-ton": {
            "displayName": "ቶን",
            "unitPattern-count-one": "{0} ቶን",
            "unitPattern-count-other": "{0} ቶን"
          },
          "mass-stone": {
            "displayName": "st",
            "unitPattern-count-other": "{0} st"
          },
          "mass-pound": {
            "displayName": "ፓውንድ",
            "unitPattern-count-one": "{0} ፓውንድ",
            "unitPattern-count-other": "{0} ፓውንድ",
            "perUnitPattern": "{0}/ፓውንድ"
          },
          "mass-ounce": {
            "displayName": "አውንስ",
            "unitPattern-count-one": "{0} አውንስ",
            "unitPattern-count-other": "{0} አውንስ",
            "perUnitPattern": "{0}/አውንስ"
          },
          "mass-ounce-troy": {
            "displayName": "oz t",
            "unitPattern-count-one": "{0} oz t",
            "unitPattern-count-other": "{0} oz t"
          },
          "mass-carat": {
            "displayName": "CD",
            "unitPattern-count-one": "{0} CD",
            "unitPattern-count-other": "{0} CD"
          },
          "power-gigawatt": {
            "displayName": "GW",
            "unitPattern-count-one": "{0} GW",
            "unitPattern-count-other": "{0} GW"
          },
          "power-megawatt": {
            "displayName": "MW",
            "unitPattern-count-one": "{0} MW",
            "unitPattern-count-other": "{0} MW"
          },
          "power-kilowatt": {
            "displayName": "ኪሎዋት",
            "unitPattern-count-one": "{0} ኪሎዋት",
            "unitPattern-count-other": "{0} ኪሎዋት"
          },
          "power-watt": {
            "displayName": "ዋት",
            "unitPattern-count-one": "{0} ዋት",
            "unitPattern-count-other": "{0} ዋት"
          },
          "power-milliwatt": {
            "displayName": "mW",
            "unitPattern-count-one": "{0} mW",
            "unitPattern-count-other": "{0} mW"
          },
          "power-horsepower": {
            "displayName": "የፈረስ ጉልበት",
            "unitPattern-count-one": "{0} የፈረስ ጉልበት",
            "unitPattern-count-other": "{0} የፈረስ ጉልበት"
          },
          "pressure-hectopascal": {
            "displayName": "ሄክቶፓስካል",
            "unitPattern-count-one": "{0} ሄክቶፓስካል",
            "unitPattern-count-other": "{0} ሄክቶፓስካል"
          },
          "pressure-millimeter-of-mercury": {
            "displayName": "mm Hg",
            "unitPattern-count-one": "{0} mm Hg",
            "unitPattern-count-other": "{0} mm Hg"
          },
          "pressure-pound-per-square-inch": {
            "displayName": "psi",
            "unitPattern-count-one": "{0} psi",
            "unitPattern-count-other": "{0} psi"
          },
          "pressure-inch-hg": {
            "displayName": "ኢንች ሜርኩሪ",
            "unitPattern-count-one": "{0} ኢንች ሜርኩሪ",
            "unitPattern-count-other": "{0} ኢንች ሜርኩሪ"
          },
          "pressure-millibar": {
            "displayName": "ሚሊባር",
            "unitPattern-count-one": "{0} ሚሊባር",
            "unitPattern-count-other": "{0} ሚሊባር"
          },
          "speed-kilometer-per-hour": {
            "displayName": "ኪሎሜትር በሰዓት",
            "unitPattern-count-one": "{0} ኪሎሜትር በሰዓት",
            "unitPattern-count-other": "{0} ኪሎሜትር በሰዓት"
          },
          "speed-meter-per-second": {
            "displayName": "ሜትር በሰከንድ",
            "unitPattern-count-one": "{0} ሜትር በሰከንድ",
            "unitPattern-count-other": "{0} ሜትር በሰከንድ"
          },
          "speed-mile-per-hour": {
            "displayName": "ማይል በሰዓት",
            "unitPattern-count-one": "{0} ማይል በሰዓት",
            "unitPattern-count-other": "{0} ማይል በሰዓት"
          },
          "speed-knot": {
            "displayName": "kn",
            "unitPattern-count-one": "{0} kn",
            "unitPattern-count-other": "{0} kn"
          },
          "temperature-generic": {
            "displayName": "°",
            "unitPattern-count-one": "{0}°",
            "unitPattern-count-other": "{0}°"
          },
          "temperature-celsius": {
            "displayName": "ዲግሪ ሴልሺየስ",
            "unitPattern-count-one": "{0} ዲግሪ ሴልሺየስ",
            "unitPattern-count-other": "{0} ዲግሪ ሴልሺየስ"
          },
          "temperature-fahrenheit": {
            "displayName": "ዲግሪ ፋራንሃይት",
            "unitPattern-count-one": "{0} ዲግሪ ፋራንሃይት",
            "unitPattern-count-other": "{0} ዲግሪ ፋራንሃይት"
          },
          "temperature-kelvin": {
            "displayName": "K",
            "unitPattern-count-one": "{0} K",
            "unitPattern-count-other": "{0} K"
          },
          "volume-cubic-kilometer": {
            "displayName": "ኩቢክ ኪሎሜትር",
            "unitPattern-count-one": "{0} ኩቢክ ኪሎሜትር",
            "unitPattern-count-other": "{0} ኩቢክ ኪሎሜትር"
          },
          "volume-cubic-meter": {
            "displayName": "ሜ³",
            "unitPattern-count-one": "{0} ሜ³",
            "unitPattern-count-other": "{0} ሜ³",
            "perUnitPattern": "{0}/ሜ³"
          },
          "volume-cubic-centimeter": {
            "displayName": "ሴሜ³",
            "unitPattern-count-one": "{0} ሴሜ³",
            "unitPattern-count-other": "{0} ሴሜ³",
            "perUnitPattern": "{0}/ሴሜ³"
          },
          "volume-cubic-mile": {
            "displayName": "ኩቢክ ማይል",
            "unitPattern-count-one": "{0} ኩቢክ ማይል",
            "unitPattern-count-other": "{0} ኩቢክ ማይል"
          },
          "volume-cubic-yard": {
            "displayName": "yd³",
            "unitPattern-count-one": "{0} yd³",
            "unitPattern-count-other": "{0} yd³"
          },
          "volume-cubic-foot": {
            "displayName": "ጫማ³",
            "unitPattern-count-one": "{0} ጫማ³",
            "unitPattern-count-other": "{0} ጫማ³"
          },
          "volume-cubic-inch": {
            "displayName": "ኢንች³",
            "unitPattern-count-one": "{0} ኢንች³",
            "unitPattern-count-other": "{0} ኢንች³"
          },
          "volume-megaliter": {
            "displayName": "ML",
            "unitPattern-count-one": "{0} ML",
            "unitPattern-count-other": "{0} ML"
          },
          "volume-hectoliter": {
            "displayName": "hL",
            "unitPattern-count-one": "{0} hL",
            "unitPattern-count-other": "{0} hL"
          },
          "volume-liter": {
            "displayName": "ሊትር",
            "unitPattern-count-one": "{0} ሊትር",
            "unitPattern-count-other": "{0} ሊትር",
            "perUnitPattern": "{0}/ሊትር"
          },
          "volume-deciliter": {
            "displayName": "dL",
            "unitPattern-count-one": "{0} dL",
            "unitPattern-count-other": "{0} dL"
          },
          "volume-centiliter": {
            "displayName": "ሴንቲ ሊትር",
            "unitPattern-count-one": "{0} ሴንቲ ሊትር",
            "unitPattern-count-other": "{0} ሴንቲ ሊትር"
          },
          "volume-milliliter": {
            "displayName": "mL",
            "unitPattern-count-one": "{0} mL",
            "unitPattern-count-other": "{0} mL"
          },
          "volume-pint-metric": {
            "displayName": "mpt",
            "unitPattern-count-one": "{0} mpt",
            "unitPattern-count-other": "{0} mpt"
          },
          "volume-cup-metric": {
            "displayName": "mcup",
            "unitPattern-count-one": "{0} mc",
            "unitPattern-count-other": "{0} mc"
          },
          "volume-acre-foot": {
            "displayName": "ኤከር ጫማ",
            "unitPattern-count-one": "{0} ኤከር ጫማ",
            "unitPattern-count-other": "{0} ኤከር ጫማ"
          },
          "volume-bushel": {
            "displayName": "bu",
            "unitPattern-count-other": "{0} bu"
          },
          "volume-gallon": {
            "displayName": "gal",
            "unitPattern-count-one": "{0} gal",
            "unitPattern-count-other": "{0} gal",
            "perUnitPattern": "{0}/gal"
          },
          "volume-gallon-imperial": {
            "displayName": "Imp. gal",
            "unitPattern-count-one": "{0} gal Imp.",
            "unitPattern-count-other": "{0} gal Imp.",
            "perUnitPattern": "{0}/gal Imp."
          },
          "volume-quart": {
            "displayName": "qt",
            "unitPattern-count-one": "{0} qt",
            "unitPattern-count-other": "{0} qt"
          },
          "volume-pint": {
            "displayName": "pt",
            "unitPattern-count-one": "{0} pt",
            "unitPattern-count-other": "{0} pt"
          },
          "volume-cup": {
            "displayName": "cup",
            "unitPattern-count-one": "{0} c",
            "unitPattern-count-other": "{0} c"
          },
          "volume-fluid-ounce": {
            "displayName": "fl oz",
            "unitPattern-count-one": "{0} fl oz",
            "unitPattern-count-other": "{0} fl oz"
          },
          "volume-tablespoon": {
            "displayName": "tbsp",
            "unitPattern-count-one": "{0} tbsp",
            "unitPattern-count-other": "{0} tbsp"
          },
          "volume-teaspoon": {
            "displayName": "tsp",
            "unitPattern-count-one": "{0} tsp",
            "unitPattern-count-other": "{0} tsp"
          },
          "coordinateUnit": {
            "east": "{0}ምስ",
            "north": "{0}ሰ",
            "south": "{0}ደ",
            "west": "{0}ምዕ"
          }
        },
        "short": {
          "per": {
            "compoundUnitPattern": "{0}/{1}"
          },
          "acceleration-g-force": {
            "displayName": "ጂ-ኃይል",
            "unitPattern-count-one": "{0} ጂ",
            "unitPattern-count-other": "{0} ጂ"
          },
          "acceleration-meter-per-second-squared": {
            "displayName": "ሜ/ሰ²",
            "unitPattern-count-one": "{0} ሜ/ሰ²",
            "unitPattern-count-other": "{0} ሜ/ሰ²"
          },
          "angle-revolution": {
            "displayName": "rev",
            "unitPattern-count-one": "{0} rev",
            "unitPattern-count-other": "{0} rev"
          },
          "angle-radian": {
            "displayName": "rad",
            "unitPattern-count-one": "{0} rad",
            "unitPattern-count-other": "{0} rad"
          },
          "angle-degree": {
            "displayName": "ዲግሪ",
            "unitPattern-count-one": "{0}°ዲግሪ",
            "unitPattern-count-other": "{0}°ዲግሪ"
          },
          "angle-arc-minute": {
            "displayName": "ደቂቃ",
            "unitPattern-count-one": "{0} ደቂቃ",
            "unitPattern-count-other": "{0} ደቂቃ"
          },
          "angle-arc-second": {
            "displayName": "ሰከንድ",
            "unitPattern-count-one": "{0} ሰከንድ",
            "unitPattern-count-other": "{0} ሰከንድ"
          },
          "area-square-kilometer": {
            "displayName": "ካሬ ኪሎሜትር",
            "unitPattern-count-one": "{0} ኪሜ²",
            "unitPattern-count-other": "{0} ኪሜ²",
            "perUnitPattern": "{0}/ኪሜ²"
          },
          "area-hectare": {
            "displayName": "ሄክታር",
            "unitPattern-count-one": "{0} ሄክታር",
            "unitPattern-count-other": "{0} ሄክታር"
          },
          "area-square-meter": {
            "displayName": "ካሬ ሜትር",
            "unitPattern-count-one": "{0} ሜ²",
            "unitPattern-count-other": "{0} ሜ²",
            "perUnitPattern": "{0}/ሜ²"
          },
          "area-square-centimeter": {
            "displayName": "ሴሜ²",
            "unitPattern-count-one": "{0} ሴሜ²",
            "unitPattern-count-other": "{0} ሴሜ²",
            "perUnitPattern": "{0}/ሴሜ²"
          },
          "area-square-mile": {
            "displayName": "ካሬ ማይል",
            "unitPattern-count-one": "{0} ካሬ ማይል",
            "unitPattern-count-other": "{0} ካሬ ማይል",
            "perUnitPattern": "{0}/ማይል²"
          },
          "area-acre": {
            "displayName": "ኤክር",
            "unitPattern-count-one": "{0} ኤክር",
            "unitPattern-count-other": "{0} ኤክር"
          },
          "area-square-yard": {
            "displayName": "yd²",
            "unitPattern-count-one": "{0} yd²",
            "unitPattern-count-other": "{0} yd²"
          },
          "area-square-foot": {
            "displayName": "ካሬ ጫማ",
            "unitPattern-count-one": "{0} ካሬ ጫማ",
            "unitPattern-count-other": "{0} ካሬ ጫማ"
          },
          "area-square-inch": {
            "displayName": "ኢንች²",
            "unitPattern-count-one": "{0} ኢንች²",
            "unitPattern-count-other": "{0} ኢንች²",
            "perUnitPattern": "{0}/ኢንች²"
          },
          "concentr-karat": {
            "displayName": "ካራት",
            "unitPattern-count-one": "{0} ካራት",
            "unitPattern-count-other": "{0} ካራት"
          },
          "concentr-milligram-per-deciliter": {
            "displayName": "mg/dL",
            "unitPattern-count-one": "{0} mg/dL",
            "unitPattern-count-other": "{0} mg/dL"
          },
          "concentr-millimole-per-liter": {
            "displayName": "mmol/L",
            "unitPattern-count-one": "{0} mmol/L",
            "unitPattern-count-other": "{0} mmol/L"
          },
          "concentr-part-per-million": {
            "displayName": "ppm",
            "unitPattern-count-one": "{0} ppm",
            "unitPattern-count-other": "{0} ppm"
          },
          "consumption-liter-per-kilometer": {
            "displayName": "ሊ/ኪሜ",
            "unitPattern-count-one": "{0} ሊ/ኪሜ",
            "unitPattern-count-other": "{0} ሊ/ኪሜ"
          },
          "consumption-liter-per-100kilometers": {
            "displayName": "ሊትር በ100 ኪሎሜትሮች",
            "unitPattern-count-one": "{0} ሊ/100ኪሜ",
            "unitPattern-count-other": "{0} ሊ/100ኪሜ"
          },
          "consumption-mile-per-gallon": {
            "displayName": "mpg",
            "unitPattern-count-one": "{0} mpg",
            "unitPattern-count-other": "{0} mpg"
          },
          "consumption-mile-per-gallon-imperial": {
            "displayName": "mpg Imp.",
            "unitPattern-count-one": "{0} mpg Imp.",
            "unitPattern-count-other": "{0} mpg Imp."
          },
          "digital-terabyte": {
            "displayName": "ቴራባይት",
            "unitPattern-count-one": "{0} ቴራባይት",
            "unitPattern-count-other": "{0} ቴራባይት"
          },
          "digital-terabit": {
            "displayName": "ቴባ",
            "unitPattern-count-one": "{0} ቴባ",
            "unitPattern-count-other": "{0} ቴባ"
          },
          "digital-gigabyte": {
            "displayName": "ጊባ",
            "unitPattern-count-one": "{0} ጊባ",
            "unitPattern-count-other": "{0} ጊባ"
          },
          "digital-gigabit": {
            "displayName": "ጊጋባይት",
            "unitPattern-count-one": "{0} ጊጋባይት",
            "unitPattern-count-other": "{0} ጊጋባይት"
          },
          "digital-megabyte": {
            "displayName": "ሜጋባይት",
            "unitPattern-count-one": "{0} ሜጋባይት",
            "unitPattern-count-other": "{0} ሜጋባይት"
          },
          "digital-megabit": {
            "displayName": "ሜባ",
            "unitPattern-count-one": "{0} ሜባ",
            "unitPattern-count-other": "{0} ሜባ"
          },
          "digital-kilobyte": {
            "displayName": "ኪባ",
            "unitPattern-count-one": "{0} ኪባ",
            "unitPattern-count-other": "{0} ኪባ"
          },
          "digital-kilobit": {
            "displayName": "ኪሎባይት",
            "unitPattern-count-one": "{0} ኪሎባይት",
            "unitPattern-count-other": "{0} ኪሎባይት"
          },
          "digital-byte": {
            "displayName": "ባይት",
            "unitPattern-count-one": "{0} ባይት",
            "unitPattern-count-other": "{0} ባይት"
          },
          "digital-bit": {
            "displayName": "ቢት",
            "unitPattern-count-one": "{0} ቢት",
            "unitPattern-count-other": "{0} ቢት"
          },
          "duration-century": {
            "displayName": "ምዕተ ዓመት",
            "unitPattern-count-one": "{0} ምዕተ ዓመት",
            "unitPattern-count-other": "{0} ምዕተ ዓመት"
          },
          "duration-year": {
            "displayName": "ዓመታት",
            "unitPattern-count-one": "{0} ዓመት",
            "unitPattern-count-other": "{0} ዓመታት",
            "perUnitPattern": "{0}/ዓ"
          },
          "duration-month": {
            "displayName": "ወራት",
            "unitPattern-count-one": "{0} ወራት",
            "unitPattern-count-other": "{0} ወራት",
            "perUnitPattern": "{0}/ወ"
          },
          "duration-week": {
            "displayName": "ሳምንታት",
            "unitPattern-count-one": "{0} ሳምንት",
            "unitPattern-count-other": "{0} ሳምንታት",
            "perUnitPattern": "{0}/ሳ"
          },
          "duration-day": {
            "displayName": "ቀናት",
            "unitPattern-count-one": "{0} ቀናት",
            "unitPattern-count-other": "{0} ቀናት",
            "perUnitPattern": "{0}/ቀ"
          },
          "duration-hour": {
            "displayName": "ሰዓቶች",
            "unitPattern-count-one": "{0} ሰዓ",
            "unitPattern-count-other": "{0} ሰዓ",
            "perUnitPattern": "{0}/ሰ"
          },
          "duration-minute": {
            "displayName": "ደቂቃዎች",
            "unitPattern-count-one": "{0} ደቂ",
            "unitPattern-count-other": "{0} ደቂቃ",
            "perUnitPattern": "{0}/ደ"
          },
          "duration-second": {
            "displayName": "ሰከንዶች",
            "unitPattern-count-one": "{0} ሰከ",
            "unitPattern-count-other": "{0} ሰከ",
            "perUnitPattern": "{0}/ሰከ"
          },
          "duration-millisecond": {
            "displayName": "ሚሊሰከንድ",
            "unitPattern-count-one": "{0} ሚሴ",
            "unitPattern-count-other": "{0} ሚሴ"
          },
          "duration-microsecond": {
            "displayName": "ማይክሮሰከንድ",
            "unitPattern-count-one": "{0} ማሰ",
            "unitPattern-count-other": "{0} ማሰ"
          },
          "duration-nanosecond": {
            "displayName": "ናኖሰከንድ",
            "unitPattern-count-one": "{0} ናኖሰከንድ",
            "unitPattern-count-other": "{0} ናኖሰከንድ"
          },
          "electric-ampere": {
            "displayName": "amp",
            "unitPattern-count-one": "{0} A",
            "unitPattern-count-other": "{0} A"
          },
          "electric-milliampere": {
            "displayName": "mA",
            "unitPattern-count-one": "{0} mA",
            "unitPattern-count-other": "{0} mA"
          },
          "electric-ohm": {
            "displayName": "ohm",
            "unitPattern-count-one": "{0} Ω",
            "unitPattern-count-other": "{0} Ω"
          },
          "electric-volt": {
            "displayName": "volt",
            "unitPattern-count-one": "{0} V",
            "unitPattern-count-other": "{0} V"
          },
          "energy-kilocalorie": {
            "displayName": "kcal",
            "unitPattern-count-one": "{0} kcal",
            "unitPattern-count-other": "{0} kcal"
          },
          "energy-calorie": {
            "displayName": "cal",
            "unitPattern-count-one": "{0} cal",
            "unitPattern-count-other": "{0} cal"
          },
          "energy-foodcalorie": {
            "displayName": "Cal",
            "unitPattern-count-one": "{0} Cal",
            "unitPattern-count-other": "{0} Cal"
          },
          "energy-kilojoule": {
            "displayName": "kJ",
            "unitPattern-count-one": "{0} kJ",
            "unitPattern-count-other": "{0} kJ"
          },
          "energy-joule": {
            "displayName": "joule",
            "unitPattern-count-one": "{0} J",
            "unitPattern-count-other": "{0} J"
          },
          "energy-kilowatt-hour": {
            "displayName": "kWh",
            "unitPattern-count-one": "{0} kWh",
            "unitPattern-count-other": "{0} kWh"
          },
          "frequency-gigahertz": {
            "displayName": "GHz",
            "unitPattern-count-one": "{0} GHz",
            "unitPattern-count-other": "{0} GHz"
          },
          "frequency-megahertz": {
            "displayName": "MHz",
            "unitPattern-count-one": "{0} MHz",
            "unitPattern-count-other": "{0} MHz"
          },
          "frequency-kilohertz": {
            "displayName": "kHz",
            "unitPattern-count-one": "{0} kHz",
            "unitPattern-count-other": "{0} kHz"
          },
          "frequency-hertz": {
            "displayName": "Hz",
            "unitPattern-count-one": "{0} Hz",
            "unitPattern-count-other": "{0} Hz"
          },
          "length-kilometer": {
            "displayName": "ኪሎሜትር",
            "unitPattern-count-one": "{0} ኪሜ",
            "unitPattern-count-other": "{0} ኪሜ",
            "perUnitPattern": "{0}/ኪሜ"
          },
          "length-meter": {
            "displayName": "ሜትር",
            "unitPattern-count-one": "{0} ሜ",
            "unitPattern-count-other": "{0} ሜ",
            "perUnitPattern": "{0}/ሜ"
          },
          "length-decimeter": {
            "displayName": "dm",
            "unitPattern-count-one": "{0} dm",
            "unitPattern-count-other": "{0} dm"
          },
          "length-centimeter": {
            "displayName": "ሴንቲሜትር",
            "unitPattern-count-one": "{0} ሴሜ",
            "unitPattern-count-other": "{0} ሴሜ",
            "perUnitPattern": "{0}/ሴሜ"
          },
          "length-millimeter": {
            "displayName": "ሚሊሜትር",
            "unitPattern-count-one": "{0} ሚሜ",
            "unitPattern-count-other": "{0} ሚሜ"
          },
          "length-micrometer": {
            "displayName": "µm",
            "unitPattern-count-one": "{0} µm",
            "unitPattern-count-other": "{0} µm"
          },
          "length-nanometer": {
            "displayName": "nm",
            "unitPattern-count-one": "{0} nm",
            "unitPattern-count-other": "{0} nm"
          },
          "length-picometer": {
            "displayName": "ፒኮሜትር",
            "unitPattern-count-one": "{0} ፒሜ",
            "unitPattern-count-other": "{0} ፒሜ"
          },
          "length-mile": {
            "displayName": "ማይል",
            "unitPattern-count-one": "{0} ማይል",
            "unitPattern-count-other": "{0} ማይል"
          },
          "length-yard": {
            "displayName": "ያርድ",
            "unitPattern-count-one": "{0} ያርድ",
            "unitPattern-count-other": "{0} ያርድ"
          },
          "length-foot": {
            "displayName": "ጫማ",
            "unitPattern-count-one": "{0} ጫማ",
            "unitPattern-count-other": "{0} ጫማ",
            "perUnitPattern": "{0}/ጫማ"
          },
          "length-inch": {
            "displayName": "ኢንች",
            "unitPattern-count-one": "{0} ኢንች",
            "unitPattern-count-other": "{0} ኢንች",
            "perUnitPattern": "{0}/ኢንች"
          },
          "length-parsec": {
            "displayName": "pc",
            "unitPattern-count-one": "{0} pc",
            "unitPattern-count-other": "{0} pc"
          },
          "length-light-year": {
            "displayName": "የብርሃን ዓመት",
            "unitPattern-count-one": "{0} ly",
            "unitPattern-count-other": "{0} ly"
          },
          "length-astronomical-unit": {
            "displayName": "au",
            "unitPattern-count-one": "{0} au",
            "unitPattern-count-other": "{0} au"
          },
          "length-furlong": {
            "displayName": "fur",
            "unitPattern-count-other": "{0} fur"
          },
          "length-fathom": {
            "displayName": "fm",
            "unitPattern-count-other": "{0} fm"
          },
          "length-nautical-mile": {
            "displayName": "nmi",
            "unitPattern-count-one": "{0} nmi",
            "unitPattern-count-other": "{0} nmi"
          },
          "length-mile-scandinavian": {
            "displayName": "ስማይል",
            "unitPattern-count-one": "{0} ስማይል",
            "unitPattern-count-other": "{0} ስማይል"
          },
          "length-point": {
            "displayName": "pt",
            "unitPattern-count-other": "{0} pt"
          },
          "light-lux": {
            "displayName": "lx",
            "unitPattern-count-one": "{0} lx",
            "unitPattern-count-other": "{0} lx"
          },
          "mass-metric-ton": {
            "displayName": "t",
            "unitPattern-count-one": "{0} t",
            "unitPattern-count-other": "{0} t"
          },
          "mass-kilogram": {
            "displayName": "ኪሎግራም",
            "unitPattern-count-one": "{0} ኪግ",
            "unitPattern-count-other": "{0} ኪግ",
            "perUnitPattern": "{0}/ኪሎግራም"
          },
          "mass-gram": {
            "displayName": "ግራም",
            "unitPattern-count-one": "{0} ግ",
            "unitPattern-count-other": "{0} ግ",
            "perUnitPattern": "{0}/ግራም"
          },
          "mass-milligram": {
            "displayName": "mg",
            "unitPattern-count-one": "{0} mg",
            "unitPattern-count-other": "{0} mg"
          },
          "mass-microgram": {
            "displayName": "µg",
            "unitPattern-count-one": "{0} µg",
            "unitPattern-count-other": "{0} µg"
          },
          "mass-ton": {
            "displayName": "ቶን",
            "unitPattern-count-one": "{0} ቶን",
            "unitPattern-count-other": "{0} ቶን"
          },
          "mass-stone": {
            "displayName": "st",
            "unitPattern-count-other": "{0} st"
          },
          "mass-pound": {
            "displayName": "ፓውንድ",
            "unitPattern-count-one": "{0} ፓውንድ",
            "unitPattern-count-other": "{0} ፓውንድ",
            "perUnitPattern": "{0}/ፓውንድ"
          },
          "mass-ounce": {
            "displayName": "አውንስ",
            "unitPattern-count-one": "{0} አውንስ",
            "unitPattern-count-other": "{0} አውንስ",
            "perUnitPattern": "{0}/አውንስ"
          },
          "mass-ounce-troy": {
            "displayName": "oz t",
            "unitPattern-count-one": "{0} oz t",
            "unitPattern-count-other": "{0} oz t"
          },
          "mass-carat": {
            "displayName": "CD",
            "unitPattern-count-one": "{0} CD",
            "unitPattern-count-other": "{0} CD"
          },
          "power-gigawatt": {
            "displayName": "GW",
            "unitPattern-count-one": "{0} GW",
            "unitPattern-count-other": "{0} GW"
          },
          "power-megawatt": {
            "displayName": "MW",
            "unitPattern-count-one": "{0} MW",
            "unitPattern-count-other": "{0} MW"
          },
          "power-kilowatt": {
            "displayName": "ኪሎዋት",
            "unitPattern-count-one": "{0} ኪዋ",
            "unitPattern-count-other": "{0} ኪዋ"
          },
          "power-watt": {
            "displayName": "ዋት",
            "unitPattern-count-one": "{0} ዋ",
            "unitPattern-count-other": "{0} ዋ"
          },
          "power-milliwatt": {
            "displayName": "mW",
            "unitPattern-count-one": "{0} mW",
            "unitPattern-count-other": "{0} mW"
          },
          "power-horsepower": {
            "displayName": "የፈረስ ጉልበት",
            "unitPattern-count-one": "{0} የፈጉ",
            "unitPattern-count-other": "{0} የፈጉ"
          },
          "pressure-hectopascal": {
            "displayName": "ሄክቶፓስካል",
            "unitPattern-count-one": "{0} ሄክቶፓስካል",
            "unitPattern-count-other": "{0} ሄክቶፓስካል"
          },
          "pressure-millimeter-of-mercury": {
            "displayName": "mm Hg",
            "unitPattern-count-one": "{0} mm Hg",
            "unitPattern-count-other": "{0} mm Hg"
          },
          "pressure-pound-per-square-inch": {
            "displayName": "psi",
            "unitPattern-count-one": "{0} psi",
            "unitPattern-count-other": "{0} psi"
          },
          "pressure-inch-hg": {
            "displayName": "ኢንች ሜርኩሪ",
            "unitPattern-count-one": "{0} ኢሜ",
            "unitPattern-count-other": "{0} ኢንሜር"
          },
          "pressure-millibar": {
            "displayName": "ሚሊባር",
            "unitPattern-count-one": "{0} ሚባ",
            "unitPattern-count-other": "{0} ሚባ"
          },
          "speed-kilometer-per-hour": {
            "displayName": "ኪሎሜትር በሰዓት",
            "unitPattern-count-one": "{0} ኪሜ/ሰ",
            "unitPattern-count-other": "{0} ኪሜ/ሰ"
          },
          "speed-meter-per-second": {
            "displayName": "ሜትር በሰከንድ",
            "unitPattern-count-one": "{0} ሜ/ሴ",
            "unitPattern-count-other": "{0} ሜ/ሴ"
          },
          "speed-mile-per-hour": {
            "displayName": "ማይል በሰዓት",
            "unitPattern-count-one": "{0} ማይል/ሰ",
            "unitPattern-count-other": "{0} ማይል/ሰ"
          },
          "speed-knot": {
            "displayName": "kn",
            "unitPattern-count-one": "{0} kn",
            "unitPattern-count-other": "{0} kn"
          },
          "temperature-generic": {
            "displayName": "°",
            "unitPattern-count-one": "{0}°",
            "unitPattern-count-other": "{0}°"
          },
          "temperature-celsius": {
            "displayName": "ዲግሪ ሴልሺየስ",
            "unitPattern-count-one": "{0}°ሴ",
            "unitPattern-count-other": "{0}°ሴ"
          },
          "temperature-fahrenheit": {
            "displayName": "ዲግሪ ፋራንሃይት",
            "unitPattern-count-one": "{0}°ፋ",
            "unitPattern-count-other": "{0}°ፋ"
          },
          "temperature-kelvin": {
            "displayName": "K",
            "unitPattern-count-one": "{0} K",
            "unitPattern-count-other": "{0} K"
          },
          "volume-cubic-kilometer": {
            "displayName": "ኩቢክ ኪሎሜትር",
            "unitPattern-count-one": "{0} ኪሜ³",
            "unitPattern-count-other": "{0} ኪሜ³"
          },
          "volume-cubic-meter": {
            "displayName": "ሜ³",
            "unitPattern-count-one": "{0} ሜ³",
            "unitPattern-count-other": "{0} ሜ³",
            "perUnitPattern": "{0}/ሜ³"
          },
          "volume-cubic-centimeter": {
            "displayName": "ሴሜ³",
            "unitPattern-count-one": "{0} ሴሜ³",
            "unitPattern-count-other": "{0} ሴሜ³",
            "perUnitPattern": "{0}/ሴሜ³"
          },
          "volume-cubic-mile": {
            "displayName": "ኩቢክ ማይል",
            "unitPattern-count-one": "{0} ማይል³",
            "unitPattern-count-other": "{0} ማይል³"
          },
          "volume-cubic-yard": {
            "displayName": "yd³",
            "unitPattern-count-one": "{0} yd³",
            "unitPattern-count-other": "{0} yd³"
          },
          "volume-cubic-foot": {
            "displayName": "ጫማ³",
            "unitPattern-count-one": "{0} ጫማ³",
            "unitPattern-count-other": "{0} ጫማ³"
          },
          "volume-cubic-inch": {
            "displayName": "ኢንች³",
            "unitPattern-count-one": "{0} ኢንች³",
            "unitPattern-count-other": "{0} ኢንች³"
          },
          "volume-megaliter": {
            "displayName": "ML",
            "unitPattern-count-one": "{0} ML",
            "unitPattern-count-other": "{0} ML"
          },
          "volume-hectoliter": {
            "displayName": "hL",
            "unitPattern-count-one": "{0} hL",
            "unitPattern-count-other": "{0} hL"
          },
          "volume-liter": {
            "displayName": "ሊትር",
            "unitPattern-count-one": "{0} ሊ",
            "unitPattern-count-other": "{0} ሊ",
            "perUnitPattern": "{0}/ሊትር"
          },
          "volume-deciliter": {
            "displayName": "dL",
            "unitPattern-count-one": "{0} dL",
            "unitPattern-count-other": "{0} dL"
          },
          "volume-centiliter": {
            "displayName": "ሴንቲ ሊትር",
            "unitPattern-count-one": "{0} ሴንቲ ሊትር",
            "unitPattern-count-other": "{0} ሴንቲ ሊትር"
          },
          "volume-milliliter": {
            "displayName": "mL",
            "unitPattern-count-one": "{0} mL",
            "unitPattern-count-other": "{0} mL"
          },
          "volume-pint-metric": {
            "displayName": "mpt",
            "unitPattern-count-one": "{0} mpt",
            "unitPattern-count-other": "{0} mpt"
          },
          "volume-cup-metric": {
            "displayName": "mcup",
            "unitPattern-count-one": "{0} mc",
            "unitPattern-count-other": "{0} mc"
          },
          "volume-acre-foot": {
            "displayName": "ኤከር ጫማ",
            "unitPattern-count-one": "{0} ኤከር ጫማ",
            "unitPattern-count-other": "{0} ኤከር ጫማ"
          },
          "volume-bushel": {
            "displayName": "bu",
            "unitPattern-count-other": "{0} bu"
          },
          "volume-gallon": {
            "displayName": "gal",
            "unitPattern-count-one": "{0} gal",
            "unitPattern-count-other": "{0} gal",
            "perUnitPattern": "{0}/gal"
          },
          "volume-gallon-imperial": {
            "displayName": "Imp. gal",
            "unitPattern-count-one": "{0} gal Imp.",
            "unitPattern-count-other": "{0} gal Imp.",
            "perUnitPattern": "{0}/gal Imp."
          },
          "volume-quart": {
            "displayName": "qt",
            "unitPattern-count-one": "{0} qt",
            "unitPattern-count-other": "{0} qt"
          },
          "volume-pint": {
            "displayName": "pt",
            "unitPattern-count-one": "{0} pt",
            "unitPattern-count-other": "{0} pt"
          },
          "volume-cup": {
            "displayName": "cup",
            "unitPattern-count-one": "{0} c",
            "unitPattern-count-other": "{0} c"
          },
          "volume-fluid-ounce": {
            "displayName": "fl oz",
            "unitPattern-count-one": "{0} fl oz",
            "unitPattern-count-other": "{0} fl oz"
          },
          "volume-tablespoon": {
            "displayName": "tbsp",
            "unitPattern-count-one": "{0} tbsp",
            "unitPattern-count-other": "{0} tbsp"
          },
          "volume-teaspoon": {
            "displayName": "tsp",
            "unitPattern-count-one": "{0} tsp",
            "unitPattern-count-other": "{0} tsp"
          },
          "coordinateUnit": {
            "east": "{0}ምስ",
            "north": "{0}ሰ",
            "south": "{0}ደ",
            "west": "{0}ምዕ"
          }
        },
        "narrow": {
          "per": {
            "compoundUnitPattern": "{0}/{1}"
          },
          "acceleration-g-force": {
            "displayName": "ጂ-ኃይል",
            "unitPattern-count-one": "{0} ጂ",
            "unitPattern-count-other": "{0} ጂ"
          },
          "acceleration-meter-per-second-squared": {
            "displayName": "ሜ/ሰ²",
            "unitPattern-count-one": "{0} ሜ/ሰ²",
            "unitPattern-count-other": "{0} ሜ/ሰ²"
          },
          "angle-revolution": {
            "displayName": "rev",
            "unitPattern-count-one": "{0} rev",
            "unitPattern-count-other": "{0} rev"
          },
          "angle-radian": {
            "displayName": "rad",
            "unitPattern-count-one": "{0} rad",
            "unitPattern-count-other": "{0} rad"
          },
          "angle-degree": {
            "displayName": "ዲግሪ",
            "unitPattern-count-one": "{0}°",
            "unitPattern-count-other": "{0}°"
          },
          "angle-arc-minute": {
            "displayName": "ደቂቃ",
            "unitPattern-count-one": "{0}′",
            "unitPattern-count-other": "{0}′"
          },
          "angle-arc-second": {
            "displayName": "ሰከንድ",
            "unitPattern-count-one": "{0}″",
            "unitPattern-count-other": "{0}″"
          },
          "area-square-kilometer": {
            "displayName": "ካሬ ኪሎሜትር",
            "unitPattern-count-one": "{0} ኪሜ²",
            "unitPattern-count-other": "{0} ኪሜ²",
            "perUnitPattern": "{0}/ኪሜ²"
          },
          "area-hectare": {
            "displayName": "ሄክታር",
            "unitPattern-count-one": "{0} ሄክታር",
            "unitPattern-count-other": "{0} ሄክታር"
          },
          "area-square-meter": {
            "displayName": "ካሬ ሜትር",
            "unitPattern-count-one": "{0} ሜ²",
            "unitPattern-count-other": "{0} ሜ²",
            "perUnitPattern": "{0}/ሜ²"
          },
          "area-square-centimeter": {
            "displayName": "ሴሜ²",
            "unitPattern-count-one": "{0} ሴሜ²",
            "unitPattern-count-other": "{0} ሴሜ²",
            "perUnitPattern": "{0}/ሴሜ²"
          },
          "area-square-mile": {
            "displayName": "ካሬ ማይል",
            "unitPattern-count-one": "{0} ማይል²",
            "unitPattern-count-other": "{0} ማይል²",
            "perUnitPattern": "{0}/ማይል²"
          },
          "area-acre": {
            "displayName": "ኤክር",
            "unitPattern-count-one": "{0} ኤክር",
            "unitPattern-count-other": "{0} ኤክር"
          },
          "area-square-yard": {
            "displayName": "yd²",
            "unitPattern-count-one": "{0} yd²",
            "unitPattern-count-other": "{0} yd²"
          },
          "area-square-foot": {
            "displayName": "ካሬ ጫማ",
            "unitPattern-count-one": "{0} ጫማ²",
            "unitPattern-count-other": "{0} ጫማ²"
          },
          "area-square-inch": {
            "displayName": "ኢንች²",
            "unitPattern-count-one": "{0} ኢንች²",
            "unitPattern-count-other": "{0} ኢንች²",
            "perUnitPattern": "{0}/ኢንች²"
          },
          "concentr-karat": {
            "displayName": "ካራት",
            "unitPattern-count-one": "{0} ካራት",
            "unitPattern-count-other": "{0} ካራት"
          },
          "concentr-milligram-per-deciliter": {
            "displayName": "mg/dL",
            "unitPattern-count-one": "{0} mg/dL",
            "unitPattern-count-other": "{0} mg/dL"
          },
          "concentr-millimole-per-liter": {
            "displayName": "mmol/L",
            "unitPattern-count-one": "{0} mmol/L",
            "unitPattern-count-other": "{0} mmol/L"
          },
          "concentr-part-per-million": {
            "displayName": "ppm",
            "unitPattern-count-one": "{0} ppm",
            "unitPattern-count-other": "{0} ppm"
          },
          "consumption-liter-per-kilometer": {
            "displayName": "ሊ/ኪሜ",
            "unitPattern-count-one": "{0} ሊ/ኪሜ",
            "unitPattern-count-other": "{0} ሊ/ኪሜ"
          },
          "consumption-liter-per-100kilometers": {
            "displayName": "ሊትር በ100 ኪሎሜትሮች",
            "unitPattern-count-one": "{0}ሊበ100ኪሜ",
            "unitPattern-count-other": "{0}ሊበ100ኪሜ"
          },
          "consumption-mile-per-gallon": {
            "displayName": "mpg",
            "unitPattern-count-one": "{0} mpg",
            "unitPattern-count-other": "{0} mpg"
          },
          "consumption-mile-per-gallon-imperial": {
            "displayName": "mpg Imp.",
            "unitPattern-count-one": "{0} mpg Imp.",
            "unitPattern-count-other": "{0} mpg Imp."
          },
          "digital-terabyte": {
            "displayName": "ቴባይት",
            "unitPattern-count-one": "{0} ቴራባይት",
            "unitPattern-count-other": "{0} ቴራባይት"
          },
          "digital-terabit": {
            "displayName": "ቴባ",
            "unitPattern-count-one": "{0} ቴባ",
            "unitPattern-count-other": "{0} ቴባ"
          },
          "digital-gigabyte": {
            "displayName": "ጊባ",
            "unitPattern-count-one": "{0} ጊባ",
            "unitPattern-count-other": "{0} ጊባ"
          },
          "digital-gigabit": {
            "displayName": "ጊጋባይት",
            "unitPattern-count-one": "{0} ጊጋባይት",
            "unitPattern-count-other": "{0} ጊጋባይት"
          },
          "digital-megabyte": {
            "displayName": "ሜጋባይት",
            "unitPattern-count-one": "{0} ሜጋባይት",
            "unitPattern-count-other": "{0} ሜጋባይት"
          },
          "digital-megabit": {
            "displayName": "ሜባ",
            "unitPattern-count-one": "{0} ሜባ",
            "unitPattern-count-other": "{0} ሜባ"
          },
          "digital-kilobyte": {
            "displayName": "ኪባ",
            "unitPattern-count-one": "{0} ኪባ",
            "unitPattern-count-other": "{0} ኪባ"
          },
          "digital-kilobit": {
            "displayName": "ኪሎባይት",
            "unitPattern-count-one": "{0} ኪሎባይት",
            "unitPattern-count-other": "{0} ኪሎባይት"
          },
          "digital-byte": {
            "displayName": "ባይት",
            "unitPattern-count-one": "{0} ባይት",
            "unitPattern-count-other": "{0} ባይት"
          },
          "digital-bit": {
            "displayName": "ቢት",
            "unitPattern-count-one": "{0} ቢት",
            "unitPattern-count-other": "{0} ቢት"
          },
          "duration-century": {
            "displayName": "ምዕተ ዓመት",
            "unitPattern-count-one": "{0} ምዕተ ዓመት",
            "unitPattern-count-other": "{0} ምዕተ ዓመት"
          },
          "duration-year": {
            "displayName": "ዓመታት",
            "unitPattern-count-one": "{0} ዓመት",
            "unitPattern-count-other": "{0} ዓ",
            "perUnitPattern": "{0}/ዓ"
          },
          "duration-month": {
            "displayName": "ወራት",
            "unitPattern-count-one": "{0} ወር",
            "unitPattern-count-other": "{0} ወር",
            "perUnitPattern": "{0}/ወ"
          },
          "duration-week": {
            "displayName": "ሳምንታት",
            "unitPattern-count-one": "{0} ሳምንት",
            "unitPattern-count-other": "{0} ሳምንት",
            "perUnitPattern": "{0}/ሳ"
          },
          "duration-day": {
            "displayName": "ቀናት",
            "unitPattern-count-one": "{0} ቀ",
            "unitPattern-count-other": "{0} ቀ",
            "perUnitPattern": "{0}/ቀ"
          },
          "duration-hour": {
            "displayName": "ሰዓቶች",
            "unitPattern-count-one": "{0} ሰ",
            "unitPattern-count-other": "{0} ሰ",
            "perUnitPattern": "{0}/ሰ"
          },
          "duration-minute": {
            "displayName": "ደቂቃዎች",
            "unitPattern-count-one": "{0} ደ",
            "unitPattern-count-other": "{0} ደ",
            "perUnitPattern": "{0}/ደ"
          },
          "duration-second": {
            "displayName": "ሰከንድ",
            "unitPattern-count-one": "{0} ሰ",
            "unitPattern-count-other": "{0} ሰ",
            "perUnitPattern": "{0}/ሰከ"
          },
          "duration-millisecond": {
            "displayName": "ሚሊሰከንድ",
            "unitPattern-count-one": "{0} ሚሴ",
            "unitPattern-count-other": "{0} ሚሴ"
          },
          "duration-microsecond": {
            "displayName": "ማይክሮሰከንድ",
            "unitPattern-count-one": "{0} ማሰ",
            "unitPattern-count-other": "{0} ማሰ"
          },
          "duration-nanosecond": {
            "displayName": "ናኖሰከንድ",
            "unitPattern-count-one": "{0} ናኖሰከንድ",
            "unitPattern-count-other": "{0} ናኖሰከንድ"
          },
          "electric-ampere": {
            "displayName": "amp",
            "unitPattern-count-one": "{0} A",
            "unitPattern-count-other": "{0} A"
          },
          "electric-milliampere": {
            "displayName": "mA",
            "unitPattern-count-one": "{0} mA",
            "unitPattern-count-other": "{0} mA"
          },
          "electric-ohm": {
            "displayName": "ohm",
            "unitPattern-count-one": "{0} Ω",
            "unitPattern-count-other": "{0} Ω"
          },
          "electric-volt": {
            "displayName": "volt",
            "unitPattern-count-one": "{0} V",
            "unitPattern-count-other": "{0} V"
          },
          "energy-kilocalorie": {
            "displayName": "kcal",
            "unitPattern-count-one": "{0} kcal",
            "unitPattern-count-other": "{0} kcal"
          },
          "energy-calorie": {
            "displayName": "cal",
            "unitPattern-count-one": "{0} cal",
            "unitPattern-count-other": "{0} cal"
          },
          "energy-foodcalorie": {
            "displayName": "Cal",
            "unitPattern-count-one": "{0} Cal",
            "unitPattern-count-other": "{0} Cal"
          },
          "energy-kilojoule": {
            "displayName": "kJ",
            "unitPattern-count-one": "{0} kJ",
            "unitPattern-count-other": "{0} kJ"
          },
          "energy-joule": {
            "displayName": "joule",
            "unitPattern-count-one": "{0} J",
            "unitPattern-count-other": "{0} J"
          },
          "energy-kilowatt-hour": {
            "displayName": "kWh",
            "unitPattern-count-one": "{0} kWh",
            "unitPattern-count-other": "{0} kWh"
          },
          "frequency-gigahertz": {
            "displayName": "GHz",
            "unitPattern-count-one": "{0} GHz",
            "unitPattern-count-other": "{0} GHz"
          },
          "frequency-megahertz": {
            "displayName": "MHz",
            "unitPattern-count-one": "{0} MHz",
            "unitPattern-count-other": "{0} MHz"
          },
          "frequency-kilohertz": {
            "displayName": "kHz",
            "unitPattern-count-one": "{0} kHz",
            "unitPattern-count-other": "{0} kHz"
          },
          "frequency-hertz": {
            "displayName": "Hz",
            "unitPattern-count-one": "{0} Hz",
            "unitPattern-count-other": "{0} Hz"
          },
          "length-kilometer": {
            "displayName": "ኪሎሜትር",
            "unitPattern-count-one": "{0} ኪሜ",
            "unitPattern-count-other": "{0} ኪሜ",
            "perUnitPattern": "{0}/ኪሜ"
          },
          "length-meter": {
            "displayName": "ሜትር",
            "unitPattern-count-one": "{0} ሜ",
            "unitPattern-count-other": "{0} ሜ",
            "perUnitPattern": "{0}/ሜ"
          },
          "length-decimeter": {
            "displayName": "dm",
            "unitPattern-count-one": "{0} dm",
            "unitPattern-count-other": "{0} dm"
          },
          "length-centimeter": {
            "displayName": "ሴንቲሜትር",
            "unitPattern-count-one": "{0} ሴሜ",
            "unitPattern-count-other": "{0} ሴሜ",
            "perUnitPattern": "{0}/ሴሜ"
          },
          "length-millimeter": {
            "displayName": "ሚሊሜትር",
            "unitPattern-count-one": "{0} ሚሜ",
            "unitPattern-count-other": "{0} ሚሜ"
          },
          "length-micrometer": {
            "displayName": "µm",
            "unitPattern-count-one": "{0} µm",
            "unitPattern-count-other": "{0} µm"
          },
          "length-nanometer": {
            "displayName": "nm",
            "unitPattern-count-one": "{0} nm",
            "unitPattern-count-other": "{0} nm"
          },
          "length-picometer": {
            "displayName": "ፒኮሜትር",
            "unitPattern-count-one": "{0} ፒሜ",
            "unitPattern-count-other": "{0} ፒሜ"
          },
          "length-mile": {
            "displayName": "ማይል",
            "unitPattern-count-one": "{0} ማይል",
            "unitPattern-count-other": "{0} ማይል"
          },
          "length-yard": {
            "displayName": "ያርድ",
            "unitPattern-count-one": "{0} ያርድ",
            "unitPattern-count-other": "{0} ያርድ"
          },
          "length-foot": {
            "displayName": "ጫማ",
            "unitPattern-count-one": "{0} ጫማ",
            "unitPattern-count-other": "{0} ጫማ",
            "perUnitPattern": "{0}/ጫማ"
          },
          "length-inch": {
            "displayName": "ኢንች",
            "unitPattern-count-one": "{0} ኢንች",
            "unitPattern-count-other": "{0} ኢንች",
            "perUnitPattern": "{0}/ኢንች"
          },
          "length-parsec": {
            "displayName": "pc",
            "unitPattern-count-one": "{0} pc",
            "unitPattern-count-other": "{0} pc"
          },
          "length-light-year": {
            "displayName": "የብርሃን ዓመት",
            "unitPattern-count-one": "{0} ly",
            "unitPattern-count-other": "{0} ly"
          },
          "length-astronomical-unit": {
            "displayName": "au",
            "unitPattern-count-one": "{0} au",
            "unitPattern-count-other": "{0} au"
          },
          "length-furlong": {
            "displayName": "fur",
            "unitPattern-count-other": "{0} fur"
          },
          "length-fathom": {
            "displayName": "fm",
            "unitPattern-count-other": "{0} fm"
          },
          "length-nautical-mile": {
            "displayName": "nmi",
            "unitPattern-count-one": "{0} nmi",
            "unitPattern-count-other": "{0} nmi"
          },
          "length-mile-scandinavian": {
            "displayName": "ስማይል",
            "unitPattern-count-one": "{0} ስማይል",
            "unitPattern-count-other": "{0} ስማይል"
          },
          "length-point": {
            "displayName": "pt",
            "unitPattern-count-other": "{0} pt"
          },
          "light-lux": {
            "displayName": "lx",
            "unitPattern-count-one": "{0} lx",
            "unitPattern-count-other": "{0} lx"
          },
          "mass-metric-ton": {
            "displayName": "t",
            "unitPattern-count-one": "{0} t",
            "unitPattern-count-other": "{0} t"
          },
          "mass-kilogram": {
            "displayName": "ኪሎግራም",
            "unitPattern-count-one": "{0} ኪግ",
            "unitPattern-count-other": "{0} ኪግ",
            "perUnitPattern": "{0}/ኪሎግራም"
          },
          "mass-gram": {
            "displayName": "ግራም",
            "unitPattern-count-one": "{0} ግ",
            "unitPattern-count-other": "{0} ግ",
            "perUnitPattern": "{0}/ግራም"
          },
          "mass-milligram": {
            "displayName": "mg",
            "unitPattern-count-one": "{0} mg",
            "unitPattern-count-other": "{0} mg"
          },
          "mass-microgram": {
            "displayName": "µg",
            "unitPattern-count-one": "{0} µg",
            "unitPattern-count-other": "{0} µg"
          },
          "mass-ton": {
            "displayName": "ቶን",
            "unitPattern-count-one": "{0} ቶን",
            "unitPattern-count-other": "{0} ቶን"
          },
          "mass-stone": {
            "displayName": "st",
            "unitPattern-count-other": "{0} st"
          },
          "mass-pound": {
            "displayName": "ፓውንድ",
            "unitPattern-count-one": "{0} ፓውንድ",
            "unitPattern-count-other": "{0} ፓውንድ",
            "perUnitPattern": "{0}/ፓውንድ"
          },
          "mass-ounce": {
            "displayName": "አውንስ",
            "unitPattern-count-one": "{0} አውንስ",
            "unitPattern-count-other": "{0} አውንስ",
            "perUnitPattern": "{0}/አውንስ"
          },
          "mass-ounce-troy": {
            "displayName": "oz t",
            "unitPattern-count-one": "{0} oz t",
            "unitPattern-count-other": "{0} oz t"
          },
          "mass-carat": {
            "displayName": "CD",
            "unitPattern-count-one": "{0} CD",
            "unitPattern-count-other": "{0} CD"
          },
          "power-gigawatt": {
            "displayName": "GW",
            "unitPattern-count-one": "{0} GW",
            "unitPattern-count-other": "{0} GW"
          },
          "power-megawatt": {
            "displayName": "MW",
            "unitPattern-count-one": "{0} MW",
            "unitPattern-count-other": "{0} MW"
          },
          "power-kilowatt": {
            "displayName": "ኪሎዋት",
            "unitPattern-count-one": "{0} ኪዋ",
            "unitPattern-count-other": "{0} ኪዋ"
          },
          "power-watt": {
            "displayName": "ዋት",
            "unitPattern-count-one": "{0} ዋ",
            "unitPattern-count-other": "{0} ዋ"
          },
          "power-milliwatt": {
            "displayName": "mW",
            "unitPattern-count-one": "{0} mW",
            "unitPattern-count-other": "{0} mW"
          },
          "power-horsepower": {
            "displayName": "የፈረስ ጉልበት",
            "unitPattern-count-one": "{0} የፈረስ ኃይል",
            "unitPattern-count-other": "{0} የፈረስ ኃይል"
          },
          "pressure-hectopascal": {
            "displayName": "ሄክቶፓስካል",
            "unitPattern-count-one": "{0} hPa",
            "unitPattern-count-other": "{0} hPa"
          },
          "pressure-millimeter-of-mercury": {
            "displayName": "mm Hg",
            "unitPattern-count-one": "{0} mm Hg",
            "unitPattern-count-other": "{0} mm Hg"
          },
          "pressure-pound-per-square-inch": {
            "displayName": "psi",
            "unitPattern-count-one": "{0} psi",
            "unitPattern-count-other": "{0} psi"
          },
          "pressure-inch-hg": {
            "displayName": "ኢንች ሜርኩሪ",
            "unitPattern-count-one": "{0} inHg",
            "unitPattern-count-other": "{0} inHg"
          },
          "pressure-millibar": {
            "displayName": "ሚሊባር",
            "unitPattern-count-one": "{0} ሚባ",
            "unitPattern-count-other": "{0} ሚባ"
          },
          "speed-kilometer-per-hour": {
            "displayName": "ኪሎሜትር በሰዓት",
            "unitPattern-count-one": "{0} ኪሜ/ሰ",
            "unitPattern-count-other": "{0} ኪሜ/ሰ"
          },
          "speed-meter-per-second": {
            "displayName": "ሜትር በሰከንድ",
            "unitPattern-count-one": "{0} ሜ/ሴ",
            "unitPattern-count-other": "{0} ሜ/ሴ"
          },
          "speed-mile-per-hour": {
            "displayName": "ማይል በሰዓት",
            "unitPattern-count-one": "{0} ማይል/ሰ",
            "unitPattern-count-other": "{0} ማይል/ሰ"
          },
          "speed-knot": {
            "displayName": "kn",
            "unitPattern-count-one": "{0} kn",
            "unitPattern-count-other": "{0} kn"
          },
          "temperature-generic": {
            "displayName": "°",
            "unitPattern-count-one": "{0}°",
            "unitPattern-count-other": "{0}°"
          },
          "temperature-celsius": {
            "displayName": "ዲግሪ ሴልሺየስ",
            "unitPattern-count-one": "{0}°",
            "unitPattern-count-other": "{0}°"
          },
          "temperature-fahrenheit": {
            "displayName": "ዲግሪ ፋራንሃይት",
            "unitPattern-count-one": "{0}°ፋ",
            "unitPattern-count-other": "{0}°ፋ"
          },
          "temperature-kelvin": {
            "displayName": "K",
            "unitPattern-count-one": "{0} K",
            "unitPattern-count-other": "{0} K"
          },
          "volume-cubic-kilometer": {
            "displayName": "ኩቢክ ኪሎሜትር",
            "unitPattern-count-one": "{0} ኪሜ³",
            "unitPattern-count-other": "{0} ኪሜ³"
          },
          "volume-cubic-meter": {
            "displayName": "ሜ³",
            "unitPattern-count-one": "{0} ሜ³",
            "unitPattern-count-other": "{0} ሜ³",
            "perUnitPattern": "{0}/ሜ³"
          },
          "volume-cubic-centimeter": {
            "displayName": "ሴሜ³",
            "unitPattern-count-one": "{0} ሴሜ³",
            "unitPattern-count-other": "{0} ሴሜ³",
            "perUnitPattern": "{0}/ሴሜ³"
          },
          "volume-cubic-mile": {
            "displayName": "ኩቢክ ማይል",
            "unitPattern-count-one": "{0} ማይል³",
            "unitPattern-count-other": "{0} ማይል³"
          },
          "volume-cubic-yard": {
            "displayName": "yd³",
            "unitPattern-count-one": "{0} yd³",
            "unitPattern-count-other": "{0} yd³"
          },
          "volume-cubic-foot": {
            "displayName": "ጫማ³",
            "unitPattern-count-one": "{0} ጫማ³",
            "unitPattern-count-other": "{0} ጫማ³"
          },
          "volume-cubic-inch": {
            "displayName": "ኢንች³",
            "unitPattern-count-one": "{0} ኢንች³",
            "unitPattern-count-other": "{0} ኢንች³"
          },
          "volume-megaliter": {
            "displayName": "ML",
            "unitPattern-count-one": "{0} ML",
            "unitPattern-count-other": "{0} ML"
          },
          "volume-hectoliter": {
            "displayName": "hL",
            "unitPattern-count-one": "{0} hL",
            "unitPattern-count-other": "{0} hL"
          },
          "volume-liter": {
            "displayName": "ሊትር",
            "unitPattern-count-one": "{0} ሊ",
            "unitPattern-count-other": "{0} ሊ",
            "perUnitPattern": "{0}/ሊትር"
          },
          "volume-deciliter": {
            "displayName": "dL",
            "unitPattern-count-one": "{0} dL",
            "unitPattern-count-other": "{0} dL"
          },
          "volume-centiliter": {
            "displayName": "ሴንቲ ሊትር",
            "unitPattern-count-one": "{0} ሴንቲ ሊትር",
            "unitPattern-count-other": "{0} ሴንቲ ሊትር"
          },
          "volume-milliliter": {
            "displayName": "mL",
            "unitPattern-count-one": "{0} mL",
            "unitPattern-count-other": "{0} mL"
          },
          "volume-pint-metric": {
            "displayName": "mpt",
            "unitPattern-count-one": "{0} mpt",
            "unitPattern-count-other": "{0} mpt"
          },
          "volume-cup-metric": {
            "displayName": "mcup",
            "unitPattern-count-one": "{0} mc",
            "unitPattern-count-other": "{0} mc"
          },
          "volume-acre-foot": {
            "displayName": "ኤከር ጫማ",
            "unitPattern-count-one": "{0} ኤከር ጫማ",
            "unitPattern-count-other": "{0} ኤከር ጫማ"
          },
          "volume-bushel": {
            "displayName": "bu",
            "unitPattern-count-other": "{0} bu"
          },
          "volume-gallon": {
            "displayName": "gal",
            "unitPattern-count-one": "{0} gal",
            "unitPattern-count-other": "{0} gal",
            "perUnitPattern": "{0}/gal"
          },
          "volume-gallon-imperial": {
            "displayName": "Imp. gal",
            "unitPattern-count-one": "{0} gal Imp.",
            "unitPattern-count-other": "{0} gal Imp.",
            "perUnitPattern": "{0}/gal Imp."
          },
          "volume-quart": {
            "displayName": "qt",
            "unitPattern-count-one": "{0} qt",
            "unitPattern-count-other": "{0} qt"
          },
          "volume-pint": {
            "displayName": "pt",
            "unitPattern-count-one": "{0} pt",
            "unitPattern-count-other": "{0} pt"
          },
          "volume-cup": {
            "displayName": "cup",
            "unitPattern-count-one": "{0} c",
            "unitPattern-count-other": "{0} c"
          },
          "volume-fluid-ounce": {
            "displayName": "fl oz",
            "unitPattern-count-one": "{0} fl oz",
            "unitPattern-count-other": "{0} fl oz"
          },
          "volume-tablespoon": {
            "displayName": "tbsp",
            "unitPattern-count-one": "{0} tbsp",
            "unitPattern-count-other": "{0} tbsp"
          },
          "volume-teaspoon": {
            "displayName": "tsp",
            "unitPattern-count-one": "{0} tsp",
            "unitPattern-count-other": "{0} tsp"
          },
          "coordinateUnit": {
            "east": "{0}ምስ",
            "north": "{0}ሰ",
            "south": "{0}ደ",
            "west": "{0}ምዕ"
          }
        },
        "durationUnit-type-hm": {
          "durationUnitPattern": "h:mm"
        },
        "durationUnit-type-hms": {
          "durationUnitPattern": "h:mm:ss"
        },
        "durationUnit-type-ms": {
          "durationUnitPattern": "m:ss"
        }
      }
    }
  }
}
