{
  "main": {
    "ar-DJ": {
      "identity": {
        "version": {
          "_number": "$Revision: 13133 $",
          "_cldrVersion": "31.0.1"
        },
        "language": "ar",
        "territory": "DJ"
      },
      "dates": {
        "fields": {
          "era": {
            "displayName": "العصر"
          },
          "era-short": {
            "displayName": "العصر"
          },
          "era-narrow": {
            "displayName": "العصر"
          },
          "year": {
            "displayName": "السنة",
            "relative-type--1": "السنة الماضية",
            "relative-type-0": "السنة الحالية",
            "relative-type-1": "السنة القادمة",
            "relativeTime-type-future": {
              "relativeTimePattern-count-zero": "خلال {0} سنة",
              "relativeTimePattern-count-one": "خلال سنة واحدة",
              "relativeTimePattern-count-two": "خلال سنتين",
              "relativeTimePattern-count-few": "خلال {0} سنوات",
              "relativeTimePattern-count-many": "خلال {0} سنة",
              "relativeTimePattern-count-other": "خلال {0} سنة"
            },
            "relativeTime-type-past": {
              "relativeTimePattern-count-zero": "قبل {0} سنة",
              "relativeTimePattern-count-one": "قبل سنة واحدة",
              "relativeTimePattern-count-two": "قبل سنتين",
              "relativeTimePattern-count-few": "قبل {0} سنوات",
              "relativeTimePattern-count-many": "قبل {0} سنة",
              "relativeTimePattern-count-other": "قبل {0} سنة"
            }
          },
          "year-short": {
            "displayName": "السنة",
            "relative-type--1": "السنة الماضية",
            "relative-type-0": "السنة الحالية",
            "relative-type-1": "السنة القادمة",
            "relativeTime-type-future": {
              "relativeTimePattern-count-zero": "خلال {0} سنة",
              "relativeTimePattern-count-one": "خلال سنة واحدة",
              "relativeTimePattern-count-two": "خلال سنتين",
              "relativeTimePattern-count-few": "خلال {0} سنوات",
              "relativeTimePattern-count-many": "خلال {0} سنة",
              "relativeTimePattern-count-other": "خلال {0} سنة"
            },
            "relativeTime-type-past": {
              "relativeTimePattern-count-zero": "قبل {0} سنة",
              "relativeTimePattern-count-one": "قبل سنة واحدة",
              "relativeTimePattern-count-two": "قبل سنتين",
              "relativeTimePattern-count-few": "قبل {0} سنوات",
              "relativeTimePattern-count-many": "قبل {0} سنة",
              "relativeTimePattern-count-other": "قبل {0} سنة"
            }
          },
          "year-narrow": {
            "displayName": "السنة",
            "relative-type--1": "السنة الماضية",
            "relative-type-0": "السنة الحالية",
            "relative-type-1": "السنة القادمة",
            "relativeTime-type-future": {
              "relativeTimePattern-count-zero": "خلال {0} سنة",
              "relativeTimePattern-count-one": "خلال سنة واحدة",
              "relativeTimePattern-count-two": "خلال سنتين",
              "relativeTimePattern-count-few": "خلال {0} سنوات",
              "relativeTimePattern-count-many": "خلال {0} سنة",
              "relativeTimePattern-count-other": "خلال {0} سنة"
            },
            "relativeTime-type-past": {
              "relativeTimePattern-count-zero": "قبل {0} سنة",
              "relativeTimePattern-count-one": "قبل سنة واحدة",
              "relativeTimePattern-count-two": "قبل سنتين",
              "relativeTimePattern-count-few": "قبل {0} سنوات",
              "relativeTimePattern-count-many": "قبل {0} سنة",
              "relativeTimePattern-count-other": "قبل {0} سنة"
            }
          },
          "quarter": {
            "displayName": "ربع السنة",
            "relative-type--1": "الربع الأخير",
            "relative-type-0": "هذا الربع",
            "relative-type-1": "الربع القادم",
            "relativeTime-type-future": {
              "relativeTimePattern-count-zero": "خلال {0} ربع سنة",
              "relativeTimePattern-count-one": "خلال ربع سنة واحد",
              "relativeTimePattern-count-two": "خلال ربعي سنة",
              "relativeTimePattern-count-few": "خلال {0} أرباع سنة",
              "relativeTimePattern-count-many": "خلال {0} ربع سنة",
              "relativeTimePattern-count-other": "خلال {0} ربع سنة"
            },
            "relativeTime-type-past": {
              "relativeTimePattern-count-zero": "قبل {0} ربع سنة",
              "relativeTimePattern-count-one": "قبل ربع سنة واحد",
              "relativeTimePattern-count-two": "قبل ربعي سنة",
              "relativeTimePattern-count-few": "قبل {0} أرباع سنة",
              "relativeTimePattern-count-many": "قبل {0} ربع سنة",
              "relativeTimePattern-count-other": "قبل {0} ربع سنة"
            }
          },
          "quarter-short": {
            "displayName": "ربع السنة",
            "relative-type--1": "الربع الأخير",
            "relative-type-0": "هذا الربع",
            "relative-type-1": "الربع القادم",
            "relativeTime-type-future": {
              "relativeTimePattern-count-zero": "خلال {0} ربع سنة",
              "relativeTimePattern-count-one": "خلال ربع سنة واحد",
              "relativeTimePattern-count-two": "خلال ربعي سنة",
              "relativeTimePattern-count-few": "خلال {0} أرباع سنة",
              "relativeTimePattern-count-many": "خلال {0} ربع سنة",
              "relativeTimePattern-count-other": "خلال {0} ربع سنة"
            },
            "relativeTime-type-past": {
              "relativeTimePattern-count-zero": "قبل {0} ربع سنة",
              "relativeTimePattern-count-one": "قبل ربع سنة واحد",
              "relativeTimePattern-count-two": "قبل ربعي سنة",
              "relativeTimePattern-count-few": "قبل {0} أرباع سنة",
              "relativeTimePattern-count-many": "قبل {0} ربع سنة",
              "relativeTimePattern-count-other": "قبل {0} ربع سنة"
            }
          },
          "quarter-narrow": {
            "displayName": "ربع السنة",
            "relative-type--1": "الربع الأخير",
            "relative-type-0": "هذا الربع",
            "relative-type-1": "الربع القادم",
            "relativeTime-type-future": {
              "relativeTimePattern-count-zero": "خلال {0} ربع سنة",
              "relativeTimePattern-count-one": "خلال ربع سنة واحد",
              "relativeTimePattern-count-two": "خلال ربعي سنة",
              "relativeTimePattern-count-few": "خلال {0} أرباع سنة",
              "relativeTimePattern-count-many": "خلال {0} ربع سنة",
              "relativeTimePattern-count-other": "خلال {0} ربع سنة"
            },
            "relativeTime-type-past": {
              "relativeTimePattern-count-zero": "قبل {0} ربع سنة",
              "relativeTimePattern-count-one": "قبل ربع سنة واحد",
              "relativeTimePattern-count-two": "قبل ربعي سنة",
              "relativeTimePattern-count-few": "قبل {0} أرباع سنة",
              "relativeTimePattern-count-many": "قبل {0} ربع سنة",
              "relativeTimePattern-count-other": "قبل {0} ربع سنة"
            }
          },
          "month": {
            "displayName": "الشهر",
            "relative-type--1": "الشهر الماضي",
            "relative-type-0": "هذا الشهر",
            "relative-type-1": "الشهر القادم",
            "relativeTime-type-future": {
              "relativeTimePattern-count-zero": "خلال {0} شهر",
              "relativeTimePattern-count-one": "خلال شهر واحد",
              "relativeTimePattern-count-two": "خلال شهرين",
              "relativeTimePattern-count-few": "خلال {0} أشهر",
              "relativeTimePattern-count-many": "خلال {0} شهرًا",
              "relativeTimePattern-count-other": "خلال {0} شهر"
            },
            "relativeTime-type-past": {
              "relativeTimePattern-count-zero": "قبل {0} شهر",
              "relativeTimePattern-count-one": "قبل شهر واحد",
              "relativeTimePattern-count-two": "قبل شهرين",
              "relativeTimePattern-count-few": "قبل {0} أشهر",
              "relativeTimePattern-count-many": "قبل {0} شهرًا",
              "relativeTimePattern-count-other": "قبل {0} شهر"
            }
          },
          "month-short": {
            "displayName": "الشهر",
            "relative-type--1": "الشهر الماضي",
            "relative-type-0": "هذا الشهر",
            "relative-type-1": "الشهر القادم",
            "relativeTime-type-future": {
              "relativeTimePattern-count-zero": "خلال {0} شهر",
              "relativeTimePattern-count-one": "خلال شهر واحد",
              "relativeTimePattern-count-two": "خلال شهرين",
              "relativeTimePattern-count-few": "خلال {0} أشهر",
              "relativeTimePattern-count-many": "خلال {0} شهرًا",
              "relativeTimePattern-count-other": "خلال {0} شهر"
            },
            "relativeTime-type-past": {
              "relativeTimePattern-count-zero": "قبل {0} شهر",
              "relativeTimePattern-count-one": "قبل شهر واحد",
              "relativeTimePattern-count-two": "قبل شهرين",
              "relativeTimePattern-count-few": "خلال {0} أشهر",
              "relativeTimePattern-count-many": "قبل {0} شهرًا",
              "relativeTimePattern-count-other": "قبل {0} شهر"
            }
          },
          "month-narrow": {
            "displayName": "الشهر",
            "relative-type--1": "الشهر الماضي",
            "relative-type-0": "هذا الشهر",
            "relative-type-1": "الشهر القادم",
            "relativeTime-type-future": {
              "relativeTimePattern-count-zero": "خلال {0} شهر",
              "relativeTimePattern-count-one": "خلال شهر واحد",
              "relativeTimePattern-count-two": "خلال شهرين",
              "relativeTimePattern-count-few": "خلال {0} أشهر",
              "relativeTimePattern-count-many": "خلال {0} شهرًا",
              "relativeTimePattern-count-other": "خلال {0} شهر"
            },
            "relativeTime-type-past": {
              "relativeTimePattern-count-zero": "قبل {0} شهر",
              "relativeTimePattern-count-one": "قبل شهر واحد",
              "relativeTimePattern-count-two": "قبل شهرين",
              "relativeTimePattern-count-few": "قبل {0} أشهر",
              "relativeTimePattern-count-many": "قبل {0} شهرًا",
              "relativeTimePattern-count-other": "قبل {0} شهر"
            }
          },
          "week": {
            "displayName": "الأسبوع",
            "relative-type--1": "الأسبوع الماضي",
            "relative-type-0": "هذا الأسبوع",
            "relative-type-1": "الأسبوع القادم",
            "relativeTime-type-future": {
              "relativeTimePattern-count-zero": "خلال {0} أسبوع",
              "relativeTimePattern-count-one": "خلال أسبوع واحد",
              "relativeTimePattern-count-two": "خلال أسبوعين",
              "relativeTimePattern-count-few": "خلال {0} أسابيع",
              "relativeTimePattern-count-many": "خلال {0} أسبوعًا",
              "relativeTimePattern-count-other": "خلال {0} أسبوع"
            },
            "relativeTime-type-past": {
              "relativeTimePattern-count-zero": "قبل {0} أسبوع",
              "relativeTimePattern-count-one": "قبل أسبوع واحد",
              "relativeTimePattern-count-two": "قبل أسبوعين",
              "relativeTimePattern-count-few": "قبل {0} أسابيع",
              "relativeTimePattern-count-many": "قبل {0} أسبوعًا",
              "relativeTimePattern-count-other": "قبل {0} أسبوع"
            },
            "relativePeriod": "أسبوع {0}"
          },
          "week-short": {
            "displayName": "الأسبوع",
            "relative-type--1": "الأسبوع الماضي",
            "relative-type-0": "هذا الأسبوع",
            "relative-type-1": "الأسبوع القادم",
            "relativeTime-type-future": {
              "relativeTimePattern-count-zero": "خلال {0} أسبوع",
              "relativeTimePattern-count-one": "خلال أسبوع واحد",
              "relativeTimePattern-count-two": "خلال {0} أسبوعين",
              "relativeTimePattern-count-few": "خلال {0} أسابيع",
              "relativeTimePattern-count-many": "خلال {0} أسبوعًا",
              "relativeTimePattern-count-other": "خلال {0} أسبوع"
            },
            "relativeTime-type-past": {
              "relativeTimePattern-count-zero": "قبل {0} أسبوع",
              "relativeTimePattern-count-one": "قبل أسبوع واحد",
              "relativeTimePattern-count-two": "قبل أسبوعين",
              "relativeTimePattern-count-few": "قبل {0} أسابيع",
              "relativeTimePattern-count-many": "قبل {0} أسبوعًا",
              "relativeTimePattern-count-other": "قبل {0} أسبوع"
            },
            "relativePeriod": "أسبوع {0}"
          },
          "week-narrow": {
            "displayName": "الأسبوع",
            "relative-type--1": "الأسبوع الماضي",
            "relative-type-0": "هذا الأسبوع",
            "relative-type-1": "الأسبوع القادم",
            "relativeTime-type-future": {
              "relativeTimePattern-count-zero": "خلال {0} أسبوع",
              "relativeTimePattern-count-one": "خلال أسبوع واحد",
              "relativeTimePattern-count-two": "خلال أسبوعين",
              "relativeTimePattern-count-few": "خلال {0} أسابيع",
              "relativeTimePattern-count-many": "خلال {0} أسبوعًا",
              "relativeTimePattern-count-other": "خلال {0} أسبوع"
            },
            "relativeTime-type-past": {
              "relativeTimePattern-count-zero": "قبل {0} أسبوع",
              "relativeTimePattern-count-one": "قبل أسبوع واحد",
              "relativeTimePattern-count-two": "قبل أسبوعين",
              "relativeTimePattern-count-few": "قبل {0} أسابيع",
              "relativeTimePattern-count-many": "قبل {0} أسبوعًا",
              "relativeTimePattern-count-other": "قبل {0} أسبوع"
            },
            "relativePeriod": "أسبوع {0}"
          },
          "weekOfMonth": {
            "displayName": "Week Of Month"
          },
          "weekOfMonth-short": {
            "displayName": "Week Of Month"
          },
          "weekOfMonth-narrow": {
            "displayName": "Week Of Month"
          },
          "day": {
            "displayName": "يوم",
            "relative-type--2": "أول أمس",
            "relative-type--1": "أمس",
            "relative-type-0": "اليوم",
            "relative-type-1": "غدًا",
            "relative-type-2": "بعد الغد",
            "relativeTime-type-future": {
              "relativeTimePattern-count-zero": "خلال {0} يوم",
              "relativeTimePattern-count-one": "خلال يوم واحد",
              "relativeTimePattern-count-two": "خلال يومين",
              "relativeTimePattern-count-few": "خلال {0} أيام",
              "relativeTimePattern-count-many": "خلال {0} يومًا",
              "relativeTimePattern-count-other": "خلال {0} يوم"
            },
            "relativeTime-type-past": {
              "relativeTimePattern-count-zero": "قبل {0} يوم",
              "relativeTimePattern-count-one": "قبل يوم واحد",
              "relativeTimePattern-count-two": "قبل يومين",
              "relativeTimePattern-count-few": "قبل {0} أيام",
              "relativeTimePattern-count-many": "قبل {0} يومًا",
              "relativeTimePattern-count-other": "قبل {0} يوم"
            }
          },
          "day-short": {
            "displayName": "يوم",
            "relative-type--2": "أول أمس",
            "relative-type--1": "أمس",
            "relative-type-0": "اليوم",
            "relative-type-1": "غدًا",
            "relative-type-2": "بعد الغد",
            "relativeTime-type-future": {
              "relativeTimePattern-count-zero": "خلال {0} يوم",
              "relativeTimePattern-count-one": "خلال يوم واحد",
              "relativeTimePattern-count-two": "خلال يومين",
              "relativeTimePattern-count-few": "خلال {0} أيام",
              "relativeTimePattern-count-many": "خلال {0} يومًا",
              "relativeTimePattern-count-other": "خلال {0} يوم"
            },
            "relativeTime-type-past": {
              "relativeTimePattern-count-zero": "قبل {0} يوم",
              "relativeTimePattern-count-one": "قبل يوم واحد",
              "relativeTimePattern-count-two": "قبل يومين",
              "relativeTimePattern-count-few": "قبل {0} أيام",
              "relativeTimePattern-count-many": "قبل {0} يومًا",
              "relativeTimePattern-count-other": "قبل {0} يوم"
            }
          },
          "day-narrow": {
            "displayName": "يوم",
            "relative-type--2": "أول أمس",
            "relative-type--1": "أمس",
            "relative-type-0": "اليوم",
            "relative-type-1": "غدًا",
            "relative-type-2": "بعد الغد",
            "relativeTime-type-future": {
              "relativeTimePattern-count-zero": "خلال {0} يوم",
              "relativeTimePattern-count-one": "خلال يوم واحد",
              "relativeTimePattern-count-two": "خلال يومين",
              "relativeTimePattern-count-few": "خلال {0} أيام",
              "relativeTimePattern-count-many": "خلال {0} يومًا",
              "relativeTimePattern-count-other": "خلال {0} يوم"
            },
            "relativeTime-type-past": {
              "relativeTimePattern-count-zero": "قبل {0} يوم",
              "relativeTimePattern-count-one": "قبل يوم واحد",
              "relativeTimePattern-count-two": "قبل يومين",
              "relativeTimePattern-count-few": "قبل {0} أيام",
              "relativeTimePattern-count-many": "قبل {0} يومًا",
              "relativeTimePattern-count-other": "قبل {0} يوم"
            }
          },
          "dayOfYear": {
            "displayName": "Day Of Year"
          },
          "dayOfYear-short": {
            "displayName": "Day Of Year"
          },
          "dayOfYear-narrow": {
            "displayName": "Day Of Year"
          },
          "weekday": {
            "displayName": "اليوم"
          },
          "weekday-short": {
            "displayName": "اليوم"
          },
          "weekday-narrow": {
            "displayName": "اليوم"
          },
          "weekdayOfMonth": {
            "displayName": "Weekday Of Month"
          },
          "weekdayOfMonth-short": {
            "displayName": "Weekday Of Month"
          },
          "weekdayOfMonth-narrow": {
            "displayName": "Weekday Of Month"
          },
          "sun": {
            "relative-type--1": "الأحد الماضي",
            "relative-type-0": "الأحد الحالي",
            "relative-type-1": "الأحد القادم",
            "relativeTime-type-future": {
              "relativeTimePattern-count-other": "+{0} Sundays"
            },
            "relativeTime-type-past": {
              "relativeTimePattern-count-other": "-{0} Sundays"
            }
          },
          "sun-short": {
            "relative-type--1": "الأحد الماضي",
            "relative-type-0": "الأحد الحالي",
            "relative-type-1": "الأحد القادم",
            "relativeTime-type-future": {
              "relativeTimePattern-count-other": "+{0} Sundays"
            },
            "relativeTime-type-past": {
              "relativeTimePattern-count-other": "-{0} Sundays"
            }
          },
          "sun-narrow": {
            "relative-type--1": "الأحد الماضي",
            "relative-type-0": "الأحد الحالي",
            "relative-type-1": "الأحد القادم",
            "relativeTime-type-future": {
              "relativeTimePattern-count-other": "+{0} Sundays"
            },
            "relativeTime-type-past": {
              "relativeTimePattern-count-other": "-{0} Sundays"
            }
          },
          "mon": {
            "relative-type--1": "الاثنين الماضي",
            "relative-type-0": "الاثنين الحالي",
            "relative-type-1": "الاثنين القادم",
            "relativeTime-type-future": {
              "relativeTimePattern-count-other": "+{0} Mondays"
            },
            "relativeTime-type-past": {
              "relativeTimePattern-count-other": "-{0} Mondays"
            }
          },
          "mon-short": {
            "relative-type--1": "الاثنين الماضي",
            "relative-type-0": "الاثنين الحالي",
            "relative-type-1": "الإثنين القادم",
            "relativeTime-type-future": {
              "relativeTimePattern-count-other": "+{0} Mondays"
            },
            "relativeTime-type-past": {
              "relativeTimePattern-count-other": "-{0} Mondays"
            }
          },
          "mon-narrow": {
            "relative-type--1": "الإثنين الماضي",
            "relative-type-0": "الإثنين الحالي",
            "relative-type-1": "الإثنين القادم",
            "relativeTime-type-future": {
              "relativeTimePattern-count-other": "+{0} Mondays"
            },
            "relativeTime-type-past": {
              "relativeTimePattern-count-other": "-{0} Mondays"
            }
          },
          "tue": {
            "relative-type--1": "الثلاثاء الماضي",
            "relative-type-0": "الثلاثاء الحالي",
            "relative-type-1": "الثلاثاء القادم",
            "relativeTime-type-future": {
              "relativeTimePattern-count-other": "+{0} Tuesdays"
            },
            "relativeTime-type-past": {
              "relativeTimePattern-count-other": "-{0} Tuesdays"
            }
          },
          "tue-short": {
            "relative-type--1": "الثلاثاء الماضي",
            "relative-type-0": "الثلاثاء الحالي",
            "relative-type-1": "الثلاثاء القادم",
            "relativeTime-type-future": {
              "relativeTimePattern-count-other": "+{0} Tuesdays"
            },
            "relativeTime-type-past": {
              "relativeTimePattern-count-other": "-{0} Tuesdays"
            }
          },
          "tue-narrow": {
            "relative-type--1": "الثلاثاء الماضي",
            "relative-type-0": "الثلاثاء الحالي",
            "relative-type-1": "الثلاثاء القادم",
            "relativeTime-type-future": {
              "relativeTimePattern-count-other": "+{0} Tuesdays"
            },
            "relativeTime-type-past": {
              "relativeTimePattern-count-other": "-{0} Tuesdays"
            }
          },
          "wed": {
            "relative-type--1": "الأربعاء الماضي",
            "relative-type-0": "الأربعاء الحالي",
            "relative-type-1": "الأربعاء القادم",
            "relativeTime-type-future": {
              "relativeTimePattern-count-other": "+{0} Wednesdays"
            },
            "relativeTime-type-past": {
              "relativeTimePattern-count-other": "-{0} Wednesdays"
            }
          },
          "wed-short": {
            "relative-type--1": "الأربعاء الماضي",
            "relative-type-0": "الأربعاء الحالي",
            "relative-type-1": "الأربعاء القادم",
            "relativeTime-type-future": {
              "relativeTimePattern-count-other": "+{0} Wednesdays"
            },
            "relativeTime-type-past": {
              "relativeTimePattern-count-other": "-{0} Wednesdays"
            }
          },
          "wed-narrow": {
            "relative-type--1": "الأربعاء الماضي",
            "relative-type-0": "الأربعاء الحالي",
            "relative-type-1": "الأربعاء القادم",
            "relativeTime-type-future": {
              "relativeTimePattern-count-other": "+{0} Wednesdays"
            },
            "relativeTime-type-past": {
              "relativeTimePattern-count-other": "-{0} Wednesdays"
            }
          },
          "thu": {
            "relative-type--1": "الخميس الماضي",
            "relative-type-0": "الخميس الحالي",
            "relative-type-1": "الخميس القادم",
            "relativeTime-type-future": {
              "relativeTimePattern-count-other": "+{0} Thursdays"
            },
            "relativeTime-type-past": {
              "relativeTimePattern-count-other": "-{0} Thursdays"
            }
          },
          "thu-short": {
            "relative-type--1": "الخميس الماضي",
            "relative-type-0": "الخميس الحالي",
            "relative-type-1": "الخميس القادم",
            "relativeTime-type-future": {
              "relativeTimePattern-count-other": "+{0} Thursdays"
            },
            "relativeTime-type-past": {
              "relativeTimePattern-count-other": "-{0} Thursdays"
            }
          },
          "thu-narrow": {
            "relative-type--1": "الخميس الماضي",
            "relative-type-0": "الخميس الحالي",
            "relative-type-1": "الخميس القادم",
            "relativeTime-type-future": {
              "relativeTimePattern-count-other": "+{0} Thursdays"
            },
            "relativeTime-type-past": {
              "relativeTimePattern-count-other": "-{0} Thursdays"
            }
          },
          "fri": {
            "relative-type--1": "الجمعة الماضي",
            "relative-type-0": "الجمعة الحالي",
            "relative-type-1": "الجمعة القادم",
            "relativeTime-type-future": {
              "relativeTimePattern-count-other": "+{0} Fridays"
            },
            "relativeTime-type-past": {
              "relativeTimePattern-count-other": "-{0} Fridays"
            }
          },
          "fri-short": {
            "relative-type--1": "الجمعة الماضي",
            "relative-type-0": "الجمعة الحالي",
            "relative-type-1": "الجمعة القادم",
            "relativeTime-type-future": {
              "relativeTimePattern-count-other": "+{0} Fridays"
            },
            "relativeTime-type-past": {
              "relativeTimePattern-count-other": "-{0} Fridays"
            }
          },
          "fri-narrow": {
            "relative-type--1": "الجمعة الماضي",
            "relative-type-0": "الجمعة الحالي",
            "relative-type-1": "الجمعة القادم",
            "relativeTime-type-future": {
              "relativeTimePattern-count-other": "+{0} Fridays"
            },
            "relativeTime-type-past": {
              "relativeTimePattern-count-other": "-{0} Fridays"
            }
          },
          "sat": {
            "relative-type--1": "السبت الماضي",
            "relative-type-0": "السبت الحالي",
            "relative-type-1": "السبت القادم",
            "relativeTime-type-future": {
              "relativeTimePattern-count-other": "+{0} Saturdays"
            },
            "relativeTime-type-past": {
              "relativeTimePattern-count-other": "-{0} Saturdays"
            }
          },
          "sat-short": {
            "relative-type--1": "السبت الماضي",
            "relative-type-0": "السبت الحالي",
            "relative-type-1": "السبت القادم",
            "relativeTime-type-future": {
              "relativeTimePattern-count-other": "+{0} Saturdays"
            },
            "relativeTime-type-past": {
              "relativeTimePattern-count-other": "-{0} Saturdays"
            }
          },
          "sat-narrow": {
            "relative-type--1": "السبت الماضي",
            "relative-type-0": "السبت الحالي",
            "relative-type-1": "السبت القادم",
            "relativeTime-type-future": {
              "relativeTimePattern-count-other": "+{0} Saturdays"
            },
            "relativeTime-type-past": {
              "relativeTimePattern-count-other": "-{0} Saturdays"
            }
          },
          "dayperiod-short": {
            "displayName": "ص/م"
          },
          "dayperiod": {
            "displayName": "ص/م"
          },
          "dayperiod-narrow": {
            "displayName": "ص/م"
          },
          "hour": {
            "displayName": "الساعات",
            "relative-type-0": "الساعة الحالية",
            "relativeTime-type-future": {
              "relativeTimePattern-count-zero": "خلال {0} ساعة",
              "relativeTimePattern-count-one": "خلال ساعة واحدة",
              "relativeTimePattern-count-two": "خلال ساعتين",
              "relativeTimePattern-count-few": "خلال {0} ساعات",
              "relativeTimePattern-count-many": "خلال {0} ساعة",
              "relativeTimePattern-count-other": "خلال {0} ساعة"
            },
            "relativeTime-type-past": {
              "relativeTimePattern-count-zero": "قبل {0} ساعة",
              "relativeTimePattern-count-one": "قبل ساعة واحدة",
              "relativeTimePattern-count-two": "قبل ساعتين",
              "relativeTimePattern-count-few": "قبل {0} ساعات",
              "relativeTimePattern-count-many": "قبل {0} ساعة",
              "relativeTimePattern-count-other": "قبل {0} ساعة"
            }
          },
          "hour-short": {
            "displayName": "الساعات",
            "relative-type-0": "الساعة الحالية",
            "relativeTime-type-future": {
              "relativeTimePattern-count-zero": "خلال {0} ساعة",
              "relativeTimePattern-count-one": "خلال ساعة واحدة",
              "relativeTimePattern-count-two": "خلال ساعتين",
              "relativeTimePattern-count-few": "خلال {0} ساعات",
              "relativeTimePattern-count-many": "خلال {0} ساعة",
              "relativeTimePattern-count-other": "خلال {0} ساعة"
            },
            "relativeTime-type-past": {
              "relativeTimePattern-count-zero": "قبل {0} ساعة",
              "relativeTimePattern-count-one": "قبل ساعة واحدة",
              "relativeTimePattern-count-two": "قبل ساعتين",
              "relativeTimePattern-count-few": "قبل {0} ساعات",
              "relativeTimePattern-count-many": "قبل {0} ساعة",
              "relativeTimePattern-count-other": "قبل {0} ساعة"
            }
          },
          "hour-narrow": {
            "displayName": "الساعات",
            "relative-type-0": "الساعة الحالية",
            "relativeTime-type-future": {
              "relativeTimePattern-count-zero": "خلال {0} ساعة",
              "relativeTimePattern-count-one": "خلال ساعة واحدة",
              "relativeTimePattern-count-two": "خلال ساعتين",
              "relativeTimePattern-count-few": "خلال {0} ساعات",
              "relativeTimePattern-count-many": "خلال {0} ساعة",
              "relativeTimePattern-count-other": "خلال {0} ساعة"
            },
            "relativeTime-type-past": {
              "relativeTimePattern-count-zero": "قبل {0} ساعة",
              "relativeTimePattern-count-one": "قبل ساعة واحدة",
              "relativeTimePattern-count-two": "قبل ساعتين",
              "relativeTimePattern-count-few": "قبل {0} ساعات",
              "relativeTimePattern-count-many": "قبل {0} ساعة",
              "relativeTimePattern-count-other": "قبل {0} ساعة"
            }
          },
          "minute": {
            "displayName": "الدقائق",
            "relative-type-0": "هذه الدقيقة",
            "relativeTime-type-future": {
              "relativeTimePattern-count-zero": "خلال {0} دقيقة",
              "relativeTimePattern-count-one": "خلال دقيقة واحدة",
              "relativeTimePattern-count-two": "خلال دقيقتين",
              "relativeTimePattern-count-few": "خلال {0} دقائق",
              "relativeTimePattern-count-many": "خلال {0} دقيقة",
              "relativeTimePattern-count-other": "خلال {0} دقيقة"
            },
            "relativeTime-type-past": {
              "relativeTimePattern-count-zero": "قبل {0} دقيقة",
              "relativeTimePattern-count-one": "قبل دقيقة واحدة",
              "relativeTimePattern-count-two": "قبل دقيقتين",
              "relativeTimePattern-count-few": "قبل {0} دقائق",
              "relativeTimePattern-count-many": "قبل {0} دقيقة",
              "relativeTimePattern-count-other": "قبل {0} دقيقة"
            }
          },
          "minute-short": {
            "displayName": "الدقائق",
            "relative-type-0": "هذه الدقيقة",
            "relativeTime-type-future": {
              "relativeTimePattern-count-zero": "خلال {0} دقيقة",
              "relativeTimePattern-count-one": "خلال دقيقة واحدة",
              "relativeTimePattern-count-two": "خلال دقيقتين",
              "relativeTimePattern-count-few": "خلال {0} دقائق",
              "relativeTimePattern-count-many": "خلال {0} دقيقة",
              "relativeTimePattern-count-other": "خلال {0} دقيقة"
            },
            "relativeTime-type-past": {
              "relativeTimePattern-count-zero": "قبل {0} دقيقة",
              "relativeTimePattern-count-one": "قبل دقيقة واحدة",
              "relativeTimePattern-count-two": "قبل دقيقتين",
              "relativeTimePattern-count-few": "قبل {0} دقائق",
              "relativeTimePattern-count-many": "قبل {0} دقيقة",
              "relativeTimePattern-count-other": "قبل {0} دقيقة"
            }
          },
          "minute-narrow": {
            "displayName": "الدقائق",
            "relative-type-0": "هذه الدقيقة",
            "relativeTime-type-future": {
              "relativeTimePattern-count-zero": "خلال {0} دقيقة",
              "relativeTimePattern-count-one": "خلال دقيقة واحدة",
              "relativeTimePattern-count-two": "خلال دقيقتين",
              "relativeTimePattern-count-few": "خلال {0} دقائق",
              "relativeTimePattern-count-many": "خلال {0} دقيقة",
              "relativeTimePattern-count-other": "خلال {0} دقيقة"
            },
            "relativeTime-type-past": {
              "relativeTimePattern-count-zero": "قبل {0} دقيقة",
              "relativeTimePattern-count-one": "قبل دقيقة واحدة",
              "relativeTimePattern-count-two": "قبل دقيقتين",
              "relativeTimePattern-count-few": "قبل {0} دقائق",
              "relativeTimePattern-count-many": "قبل {0} دقيقة",
              "relativeTimePattern-count-other": "قبل {0} دقيقة"
            }
          },
          "second": {
            "displayName": "الثواني",
            "relative-type-0": "الآن",
            "relativeTime-type-future": {
              "relativeTimePattern-count-zero": "خلال {0} ثانية",
              "relativeTimePattern-count-one": "خلال ثانية واحدة",
              "relativeTimePattern-count-two": "خلال ثانيتين",
              "relativeTimePattern-count-few": "خلال {0} ثوانٍ",
              "relativeTimePattern-count-many": "خلال {0} ثانية",
              "relativeTimePattern-count-other": "خلال {0} ثانية"
            },
            "relativeTime-type-past": {
              "relativeTimePattern-count-zero": "قبل {0} ثانية",
              "relativeTimePattern-count-one": "قبل ثانية واحدة",
              "relativeTimePattern-count-two": "قبل ثانيتين",
              "relativeTimePattern-count-few": "قبل {0} ثوانِ",
              "relativeTimePattern-count-many": "قبل {0} ثانية",
              "relativeTimePattern-count-other": "قبل {0} ثانية"
            }
          },
          "second-short": {
            "displayName": "الثواني",
            "relative-type-0": "الآن",
            "relativeTime-type-future": {
              "relativeTimePattern-count-zero": "خلال {0} ثانية",
              "relativeTimePattern-count-one": "خلال ثانية واحدة",
              "relativeTimePattern-count-two": "خلال ثانيتين",
              "relativeTimePattern-count-few": "خلال {0} ثوانٍ",
              "relativeTimePattern-count-many": "خلال {0} ثانية",
              "relativeTimePattern-count-other": "خلال {0} ثانية"
            },
            "relativeTime-type-past": {
              "relativeTimePattern-count-zero": "قبل {0} ثانية",
              "relativeTimePattern-count-one": "قبل ثانية واحدة",
              "relativeTimePattern-count-two": "قبل ثانيتين",
              "relativeTimePattern-count-few": "قبل {0} ثوانٍ",
              "relativeTimePattern-count-many": "قبل {0} ثانية",
              "relativeTimePattern-count-other": "قبل {0} ثانية"
            }
          },
          "second-narrow": {
            "displayName": "الثواني",
            "relative-type-0": "الآن",
            "relativeTime-type-future": {
              "relativeTimePattern-count-zero": "خلال {0} ثانية",
              "relativeTimePattern-count-one": "خلال ثانية واحدة",
              "relativeTimePattern-count-two": "خلال ثانيتين",
              "relativeTimePattern-count-few": "خلال {0} ثوانٍ",
              "relativeTimePattern-count-many": "خلال {0} ثانية",
              "relativeTimePattern-count-other": "خلال {0} ثانية"
            },
            "relativeTime-type-past": {
              "relativeTimePattern-count-zero": "قبل {0} ثانية",
              "relativeTimePattern-count-one": "قبل ثانية واحدة",
              "relativeTimePattern-count-two": "قبل ثانيتين",
              "relativeTimePattern-count-few": "قبل {0} ثوانٍ",
              "relativeTimePattern-count-many": "قبل {0} ثانية",
              "relativeTimePattern-count-other": "قبل {0} ثانية"
            }
          },
          "zone": {
            "displayName": "التوقيت"
          },
          "zone-short": {
            "displayName": "التوقيت"
          },
          "zone-narrow": {
            "displayName": "التوقيت"
          }
        }
      }
    }
  }
}
